"Actions","Effects","True k","Learning k","Effect-wise precision","Effect-wise recall","Parent pattern precision","Parent pattern recall"
10,1000,1,1,1,1,0.6,1
10,1000,1,10,1,1,0.25,1
10,1000,1,2,1,1,0.428571428571429,1
10,1000,1,3,1,1,0.333333333333333,1
10,1000,1,4,1,1,0.272727272727273,1
10,1000,1,5,1,1,0.25,1
10,1000,1,7,1,1,0.272727272727273,1
10,1000,1,8,1,1,0.25,1
10,1000,1,3,1,1,0.8,1
10,1000,1,4,1,1,0.8,1
10,1000,1,6,1,1,0.615384615384615,1
10,1000,1,2,1,1,0.777777777777778,1
10,1000,1,3,1,1,0.7,1
10,1000,1,5,1,1,0.583333333333333,1
10,1000,1,7,1,1,0.583333333333333,1
10,1000,1,4,1,1,0.333333333333333,1
10,1000,1,5,1,1,0.428571428571429,1
10,1000,1,5,1,1,0.75,1
10,1000,1,6,1,1,0.692307692307692,1
10,1000,1,1,1,1,0.857142857142857,1
10,1000,1,2,1,1,0.666666666666667,1
10,1000,1,3,1,1,0.6,1
10,1000,1,6,1,1,0.5,1
10,1000,1,9,1,1,0.428571428571429,1
10,1000,1,10,1,1,0.0909090909090909,1
10,1000,1,1,1,1,0.857142857142857,1
10,1000,1,10,1,1,0.5,1
10,1000,1,2,1,1,0.666666666666667,1
10,1000,1,3,1,1,0.6,1
10,1000,1,5,1,1,0.666666666666667,1
10,1000,1,7,1,1,0.5,1
10,1000,1,10,1,1,0.533333333333333,1
10,1000,1,5,1,1,0.533333333333333,1
10,1000,1,9,1,1,0.5,1
10,1000,1,7,1,1,0.428571428571429,1
10,1000,1,1,1,1,1,1
10,1000,1,10,1,1,0.642857142857143,1
10,1000,1,2,1,1,1,1
10,1000,1,3,1,1,0.9,1
10,1000,1,5,1,1,0.75,1
10,1000,1,6,1,1,0.6,1
10,1000,1,7,1,1,0.642857142857143,1
10,1000,1,9,1,1,0.6,1
10,1000,1,1,1,1,0.2,1
10,1000,1,2,1,1,0.142857142857143,1
10,1000,1,3,1,1,0.125,1
10,1000,1,1,1,1,0.714285714285714,1
10,1000,1,10,1,1,0.363636363636364,1
10,1000,1,1,1,1,0.4,1
10,1000,1,1,1,1,0.75,1
10,1000,1,1,1,1,0.6,1
10,1000,1,1,1,1,0.714285714285714,1
10,1000,1,2,1,1,0.555555555555556,1
10,1000,1,3,1,1,0.5,1
10,1000,1,4,1,1,0.5,1
10,1000,1,5,1,1,0.5,1
10,1000,1,1,0.999826056705514,1,0.666666666666667,1
10,1000,1,1,0.993919550982226,0.99407453609855,0.333333333333333,0.666666666666667
10,1000,1,1,1,1,0.9,1
10,1000,1,2,1,1,0.692307692307692,1
10,1000,1,3,1,1,0.6,1
10,1000,1,5,1,1,0.5625,1
10,1000,1,6,1,1,0.5625,1
10,1000,1,8,1,1,0.529411764705882,1
10,1000,1,9,1,1,0.5,1
10,1000,1,1,1,1,0.857142857142857,1
10,1000,1,2,1,1,0.666666666666667,1
10,1000,1,3,1,1,0.6,1
10,1000,1,4,1,1,0.545454545454545,1
10,1000,1,7,1,1,0.461538461538462,1
10,1000,1,8,1,1,0.428571428571429,1
10,1000,1,1,1,1,0.875,1
10,1000,1,4,1,1,0.7,1
10,1000,1,1,1,1,1,1
10,1000,1,1,1,1,0.6,1
10,1000,1,1,1,1,0.875,1
10,1000,1,4,1,1,0.5,1
10,1000,1,5,1,1,0.5,1
10,1000,1,3,1,1,0.75,1
10,1000,1,4,1,1,0.545454545454545,1
10,1000,1,7,1,1,0.5,1
10,1000,1,9,1,1,0.428571428571429,1
10,1000,1,1,1,1,0.6,1
10,1000,1,1,1,1,0.4,1
10,1000,1,2,1,1,0.5,1
10,1000,1,1,1,1,0.5,1
10,1000,1,1,1,1,0.857142857142857,1
10,1000,1,1,1,1,0.5,1
10,1000,1,2,1,1,0.333333333333333,1
10,1000,1,3,1,1,0.285714285714286,1
10,1000,1,7,1,1,0.181818181818182,1
10,1000,1,8,1,1,0.181818181818182,1
10,1000,1,9,1,1,0.181818181818182,1
10,1000,1,1,1,1,1,1
10,1000,1,2,1,1,0.833333333333333,1
10,1000,1,3,1,1,0.666666666666667,1
10,1000,1,8,1,1,0.5,1
10,1000,1,5,1,1,0.615384615384615,1
10,1000,2,1,1,1,0.555555555555556,0.454545454545455
10,1000,2,1,1,0.987372218881539,0.555555555555556,0.555555555555556
10,1000,2,2,1,1,0.384615384615385,0.555555555555556
10,1000,2,2,1,1,0.384615384615385,0.555555555555556
10,1000,2,1,0.988099665303087,0.988099665303087,0.333333333333333,0.25
10,1000,2,1,1,1,0.142857142857143,0.2
10,1000,2,2,1,1,0.1,0.2
10,1000,2,1,1,0.990213523131673,0.555555555555556,0.625
10,1000,2,2,1,1,0.3,0.428571428571429
10,1000,2,1,1,1,0.5,0.444444444444444
10,1000,2,2,1,1,0.545454545454545,0.666666666666667
10,1000,2,1,1,1,0.222222222222222,0.5
10,1000,2,1,1,1,0.375,0.3
10,1000,2,1,1,1,0.375,0.375
10,1000,2,1,1,1,0.125,0.5
10,1000,2,1,1,1,0.5,0.5
10,1000,2,2,1,1,0.363636363636364,0.5
10,1000,2,4,1,1,0.333333333333333,0.5
10,1000,2,9,1,1,0.333333333333333,0.5
10,1000,2,1,0.988252148997135,0.989670014347202,0.375,0.3
10,1000,2,1,1,1,0.375,0.75
10,1000,2,1,1,1,0.125,0.333333333333333
10,1000,2,1,1,1,0.25,0.666666666666667
10,1000,2,1,0.993627450980392,1,0.142857142857143,0.333333333333333
10,1000,2,1,0.984067085953878,0.996602972399151,0.5,0.357142857142857
10,1000,2,1,0.995334796926454,0.994243421052632,0.375,0.375
10,1000,2,1,1,1,0.6,0.461538461538462
10,1000,2,1,1,1,0.5,0.5
10,1000,2,1,1,1,0.25,0.333333333333333
10,1000,2,1,1,1,0.25,0.5
10,1000,2,2,1,1,0.2,0.5
10,1000,2,1,1,1,0.333333333333333,0.333333333333333
10,1000,2,1,0.980149812734082,0.970337411939192,0.5,0.333333333333333
10,1000,2,1,1,1,0.5,0.8
10,1000,2,2,1,1,0.363636363636364,0.8
10,1000,2,1,0.987886944818304,1,0.5,0.666666666666667
10,1000,2,1,1,1,0.333333333333333,0.5
10,1000,2,1,1,1,0.428571428571429,0.333333333333333
10,1000,2,1,1,1,0.5,0.357142857142857
10,1000,2,1,1,1,0.375,0.5
10,1000,2,1,1,0.987994808565866,0.5,0.454545454545455
10,1000,2,1,1,1,0.333333333333333,0.5
10,1000,2,1,1,1,0.333333333333333,0.428571428571429
10,1000,2,1,0.989303079416532,0.996083550913838,0.7,0.538461538461538
10,1000,2,1,1,0.988754325259516,0.125,0.25
10,1000,2,1,1,0.990291262135922,0.375,0.272727272727273
10,1000,2,1,1,1,0.285714285714286,0.4
10,1000,2,1,1,1,0.625,0.454545454545455
10,1000,2,1,1,1,0.5,0.571428571428571
10,1000,2,1,0.991195891415994,0.992287917737789,0.6,0.428571428571429
10,1000,2,2,1,1,0.529411764705882,0.642857142857143
10,1000,2,1,1,1,0.555555555555556,0.5
10,1000,2,1,1,1,0.5,0.416666666666667
10,1000,2,2,1,1,0.461538461538462,0.5
10,1000,2,1,0.988545246277205,0.989111747851003,0.571428571428571,0.666666666666667
10,1000,2,2,1,1,0.461538461538462,1
10,1000,3,1,0.998389045509464,0.989620758483034,0.666666666666667,0.333333333333333
10,1000,3,1,0.989855072463768,1,0.444444444444444,0.19047619047619
10,1000,3,1,0.988593155893536,1,0.333333333333333,0.230769230769231
10,1000,3,1,0.991386735572782,0.981244671781756,0.5,0.263157894736842
10,1000,3,1,0.990876636255454,1,0.666666666666667,0.352941176470588
10,1000,3,1,0.997663551401869,0.977564102564103,0.6,0.352941176470588
10,1000,3,1,0.990252547629597,1,0.5,0.25
10,1000,3,1,1,1,0.444444444444444,0.2
10,1000,3,1,0.991760299625468,1,0.4,0.5
10,1000,3,1,1,1,0.6,0.461538461538462
10,1000,3,2,1,1,0.5,0.461538461538462
10,1000,3,1,1,1,0.555555555555556,0.294117647058824
10,1000,3,1,1,1,0.666666666666667,0.352941176470588
10,1000,3,1,1,1,0.222222222222222,0.181818181818182
10,1000,3,1,1,1,0.333333333333333,0.428571428571429
10,1000,3,1,0.986688851913478,1,0.4,0.222222222222222
10,1000,3,1,1,1,0.444444444444444,0.333333333333333
10,1000,3,2,1,1,0.5,0.416666666666667
10,1000,3,1,1,1,0.444444444444444,0.266666666666667
10,1000,3,1,1,1,0.3,0.3
10,1000,3,1,0.9892,1,0.444444444444444,0.285714285714286
10,1000,3,1,0.991353383458647,1,0.444444444444444,0.333333333333333
10,1000,3,2,0.991353383458647,1,0.4,0.333333333333333
10,1000,3,2,1,1,0.615384615384615,0.421052631578947
10,1000,3,1,0.955603448275862,0.998648648648649,0.8,0.4
10,1000,3,1,1,1,0.444444444444444,0.666666666666667
10,1000,3,1,1,1,0.444444444444444,0.266666666666667
10,1000,3,1,0.989887640449438,1,0.3,0.333333333333333
10,1000,3,2,1,1,0.363636363636364,0.5
10,1000,3,1,1,1,0.333333333333333,0.3
10,1000,3,2,1,1,0.5,0.6
10,1000,3,1,1,1,0.375,0.75
10,1000,3,1,0.990804597701149,1,0.111111111111111,0.125
10,1000,3,1,1,1,0.25,0.4
10,1000,3,2,1,1,0.181818181818182,0.4
10,1000,3,1,0.994803266518189,0.993696700037078,0.444444444444444,0.333333333333333
10,1000,3,2,0.994803266518189,0.993696700037078,0.333333333333333,0.333333333333333
10,1000,3,1,1,1,0.375,0.272727272727273
10,1000,3,2,1,1,0.5,0.454545454545455
10,1000,3,1,1,1,0.5,0.384615384615385
10,1000,3,2,1,1,0.5,0.461538461538462
10,1000,3,1,1,1,0.555555555555556,0.714285714285714
10,1000,3,2,1,1,0.5,0.714285714285714
10,1000,3,1,1,1,0.555555555555556,0.25
10,1000,3,2,1,1,0.416666666666667,0.25
10,1000,3,1,1,1,0.666666666666667,0.375
10,1000,3,1,1,1,0.222222222222222,0.142857142857143
10,1000,3,1,1,1,0.222222222222222,0.333333333333333
10,1000,3,1,1,1,0.7,0.5
10,1000,3,2,1,1,0.538461538461538,0.5
10,1000,3,1,1,1,0.222222222222222,0.5
10,1000,3,2,1,1,0.2,0.5
10,1000,3,1,1,1,0.333333333333333,0.428571428571429
10,1000,3,2,1,1,0.3,0.428571428571429
10,1000,3,1,1,1,0.333333333333333,0.25
10,1000,3,1,1,1,0.444444444444444,0.307692307692308
10,1000,3,1,0.97864476386037,1,0.444444444444444,0.266666666666667
10,1000,4,1,1,1,0.444444444444444,0.266666666666667
10,1000,4,1,1,1,0.444444444444444,0.222222222222222
10,1000,4,2,1,1,0.5,0.277777777777778
10,1000,4,1,1,1,0.444444444444444,0.222222222222222
10,1000,4,2,1,1,0.454545454545455,0.277777777777778
10,1000,4,1,1,1,0.333333333333333,0.1875
10,1000,4,2,1,1,0.454545454545455,0.3125
10,1000,4,1,1,1,0.7,0.35
10,1000,4,2,1,1,0.666666666666667,0.4
10,1000,4,1,1,1,0.444444444444444,0.5
10,1000,4,2,1,1,0.4,0.5
10,1000,4,1,1,1,0.222222222222222,0.222222222222222
10,1000,4,2,1,1,0.181818181818182,0.222222222222222
10,1000,4,1,1,1,0.333333333333333,0.2
10,1000,4,2,1,0.986842105263158,0.6,0.272727272727273
10,1000,4,1,1,1,0.555555555555556,0.357142857142857
10,1000,4,2,1,1,0.545454545454545,0.428571428571429
10,1000,4,1,1,1,0.555555555555556,0.333333333333333
10,1000,4,2,1,1,0.6,0.4
10,1000,4,1,1,1,0.5,0.294117647058824
10,1000,4,2,1,1,0.545454545454545,0.352941176470588
10,1000,4,1,1,1,0.444444444444444,0.285714285714286
10,1000,4,2,1,1,0.363636363636364,0.285714285714286
10,1000,4,1,1,1,0.555555555555556,0.454545454545455
10,1000,4,2,1,1,0.545454545454545,0.545454545454545
10,1000,4,1,1,1,0.444444444444444,0.307692307692308
10,1000,4,2,1,1,0.454545454545455,0.384615384615385
10,1000,4,2,0.988383838383838,1,0.454545454545455,0.3125
10,1000,4,1,1,1,0.444444444444444,0.285714285714286
10,1000,4,2,1,1,0.454545454545455,0.357142857142857
10,1000,4,1,1,1,0.4,0.25
10,1000,4,2,1,1,0.363636363636364,0.25
10,1000,4,1,1,1,0.222222222222222,0.0952380952380952
10,1000,4,2,1,1,0.363636363636364,0.19047619047619
10,1000,4,1,0.975467289719626,0.972626674432149,0.6,0.230769230769231
10,1000,4,2,0.986781609195402,1,0.571428571428571,0.307692307692308
10,1000,4,2,0.987900786448881,1,0.583333333333333,0.304347826086957
10,1000,4,1,0.993532338308458,1,0.555555555555556,0.3125
10,1000,4,2,0.993532338308458,1,0.545454545454545,0.375
10,1000,4,1,1,1,0.666666666666667,0.428571428571429
10,1000,4,2,1,1,0.7,0.5
10,1000,4,1,1,1,0.555555555555556,0.238095238095238
10,1000,4,2,1,1,0.545454545454545,0.285714285714286
10,1000,4,1,1,1,0.4,0.235294117647059
10,1000,4,2,1,1,0.461538461538462,0.352941176470588
10,1000,4,1,1,1,0.555555555555556,0.3125
10,1000,4,2,1,1,0.545454545454545,0.375
10,1000,4,1,1,1,0.555555555555556,0.294117647058824
10,1000,4,2,1,1,0.545454545454545,0.352941176470588
10,1000,4,1,1,1,0.555555555555556,0.263157894736842
10,1000,4,2,1,1,0.583333333333333,0.368421052631579
10,1000,4,1,0.988405797101449,1,0.666666666666667,0.352941176470588
10,1000,4,2,0.988405797101449,1,0.6,0.352941176470588
10,1000,4,1,1,1,0.333333333333333,0.166666666666667
10,1000,4,2,1,1,0.4,0.222222222222222
10,1000,4,1,1,1,0.555555555555556,0.625
10,1000,4,2,1,1,0.454545454545455,0.625
10,1000,4,1,1,1,0.5,0.416666666666667
10,1000,4,2,1,1,0.454545454545455,0.416666666666667
10,1000,4,1,0.989071038251366,1,0.444444444444444,0.25
10,1000,4,2,0.989071038251366,1,0.5,0.3125
10,1000,4,1,0.988383838383838,1,0.555555555555556,0.25
10,1000,4,2,0.988383838383838,1,0.545454545454545,0.3
10,1000,4,1,1,1,0.666666666666667,0.352941176470588
10,1000,4,2,1,1,0.636363636363636,0.411764705882353
10,1000,4,1,1,1,0.555555555555556,0.384615384615385
10,1000,4,2,1,1,0.615384615384615,0.347826086956522
10,1000,4,1,1,1,0.333333333333333,0.333333333333333
10,1000,4,2,1,1,0.272727272727273,0.333333333333333
10,1000,4,2,1,1,0.454545454545455,0.416666666666667
10,1000,4,1,0.98941504178273,1,0.4,0.2
10,1000,4,2,0.98941504178273,1,0.416666666666667,0.25
10,1000,4,1,1,1,0.666666666666667,0.315789473684211
10,1000,4,2,1,1,0.545454545454545,0.315789473684211
10,1000,4,1,1,1,0.444444444444444,0.307692307692308
10,1000,4,2,1,1,0.454545454545455,0.384615384615385
10,1000,4,1,1,1,0.666666666666667,0.272727272727273
10,1000,4,1,0.982658959537572,1,0.555555555555556,0.333333333333333
10,1000,4,1,0.992592592592593,1,0.7,0.4375
10,1000,4,2,0.992592592592593,1,0.666666666666667,0.5
10,1000,5,1,1,1,0.4,0.285714285714286
10,1000,5,2,1,1,0.363636363636364,0.285714285714286
10,1000,5,1,1,1,0.7,0.35
10,1000,5,2,1,1,0.727272727272727,0.4
10,1000,5,1,1,1,0.6,0.3
10,1000,5,2,1,1,0.636363636363636,0.35
10,1000,5,2,0.989032258064516,1,0.727272727272727,0.296296296296296
10,1000,5,2,1,1,0.75,0.45
10,1000,5,1,1,1,0.7,0.28
10,1000,5,1,0.988535031847134,0.994871794871795,0.5,0.208333333333333
10,1000,5,2,0.988535031847134,0.994871794871795,0.5,0.25
10,1000,5,1,1,1,0.6,0.222222222222222
10,1000,5,2,1,1,0.6,0.222222222222222
10,1000,5,1,0.992638036809816,1,0.777777777777778,0.35
10,1000,5,2,0.992638036809816,1,0.727272727272727,0.4
10,1000,5,1,0.99112426035503,1,0.8,0.285714285714286
10,1000,5,1,1,1,0.8,0.470588235294118
10,1000,5,2,1,1,0.818181818181818,0.529411764705882
10,1000,5,1,1,1,0.5,0.294117647058824
10,1000,5,2,1,1,0.4,0.235294117647059
10,1000,5,1,1,1,0.6,0.4
10,1000,5,2,1,1,0.545454545454545,0.4
10,1000,5,1,0.977483443708609,1,0.3,0.136363636363636
10,1000,5,2,1,1,0.363636363636364,0.181818181818182
10,1000,5,1,0.986144578313253,1,0.5,0.208333333333333
10,1000,5,2,1,1,0.5,0.25
10,1000,5,2,0.989189189189189,1,0.545454545454545,0.260869565217391
10,1000,5,1,1,1,0.7,0.318181818181818
10,1000,5,2,1,1,0.636363636363636,0.318181818181818
10,1000,5,1,1,1,0.777777777777778,0.304347826086957
10,1000,5,2,1,1,0.727272727272727,0.347826086956522
10,1000,5,1,1,1,0.777777777777778,0.4375
10,1000,5,2,1,1,0.7,0.4375
10,1000,5,2,1,1,0.363636363636364,0.363636363636364
10,1000,5,1,1,1,0.333333333333333,0.157894736842105
10,1000,5,1,1,1,0.4,0.285714285714286
10,1000,5,2,1,1,0.363636363636364,0.285714285714286
10,1000,5,1,1,1,0.7,0.291666666666667
10,1000,5,2,1,1,0.727272727272727,0.333333333333333
10,1000,5,2,1,1,0.363636363636364,0.222222222222222
10,1000,5,1,1,1,0.6,0.333333333333333
10,1000,5,2,1,1,0.636363636363636,0.388888888888889
10,1000,5,1,1,1,0.6,0.25
10,1000,5,2,1,1,0.636363636363636,0.291666666666667
10,1000,5,1,1,1,0.4,0.25
10,1000,5,2,1,1,0.454545454545455,0.3125
10,1000,5,1,1,1,0.777777777777778,0.4375
10,1000,5,1,1,1,0.7,0.269230769230769
10,1000,5,2,1,1,0.636363636363636,0.269230769230769
10,1000,5,1,0.986274509803922,1,0.8,0.347826086956522
10,1000,5,2,0.986274509803922,1,0.818181818181818,0.391304347826087
10,1000,5,1,1,1,0.5,0.357142857142857
10,1000,5,2,1,1,0.545454545454545,0.428571428571429
10,1000,5,1,1,1,0.6,0.24
10,1000,5,2,1,1,0.583333333333333,0.28
10,1000,5,1,1,1,0.6,0.5
10,1000,5,2,1,1,0.636363636363636,0.583333333333333
10,1000,5,1,1,1,0.444444444444444,0.166666666666667
10,1000,5,2,1,1,0.4,0.166666666666667
10,1000,5,1,1,1,0.6,0.230769230769231
10,1000,5,2,1,1,0.636363636363636,0.269230769230769
10,1000,5,1,0.988732394366197,1,0.5,0.294117647058824
10,1000,5,2,0.999310820124052,1,0.545454545454545,0.285714285714286
10,1000,5,1,1,1,0.555555555555556,0.2
10,1000,5,2,1,1,0.636363636363636,0.28
10,1000,5,1,1,1,0.5,0.25
10,1000,5,2,1,1,0.5,0.25
10,1000,5,1,1,1,0.7,0.259259259259259
10,1000,5,2,1,1,0.727272727272727,0.296296296296296
10,1000,5,1,1,1,0.6,0.272727272727273
10,1000,5,2,1,1,0.636363636363636,0.318181818181818
10,1000,5,1,1,1,0.5,0.217391304347826
10,1000,5,2,1,1,0.545454545454545,0.260869565217391
10,1000,5,2,1,1,0.545454545454545,0.25
10,1000,5,1,1,1,0.6,0.375
10,1000,5,2,1,1,0.545454545454545,0.375
10,1000,5,1,1,1,0.4,0.19047619047619
10,1000,5,2,1,1,0.363636363636364,0.19047619047619
10,1000,5,1,1,1,0.4,0.4
10,1000,5,2,1,1,0.454545454545455,0.5
10,1000,5,1,1,1,0.7,0.35
10,1000,5,2,1,1,0.7,0.35
10,1000,5,1,1,1,0.6,0.272727272727273
10,1000,5,2,1,1,0.636363636363636,0.318181818181818
10,1000,5,1,0.992833876221498,1,0.8,0.258064516129032
10,1000,5,1,1,1,0.4,0.285714285714286
10,1000,5,2,1,1,0.4,0.285714285714286
25,1000,1,4,1,1,0.0384615384615385,1
25,1000,1,2,1,0.998440632657608,0.0416666666666667,0.5
25,1000,1,3,1,0.998440632657608,0.0384615384615385,0.5
25,1000,1,4,1,0.998440632657608,0.0384615384615385,0.5
25,1000,1,1,1,1,0.0714285714285714,1
25,1000,1,2,1,1,0.0454545454545455,1
25,1000,1,3,1,1,0.04,1
25,1000,1,3,0.999948389760528,1,0.0384615384615385,1
25,1000,1,1,1,1,0.0714285714285714,1
25,1000,1,2,1,1,0.0416666666666667,1
25,1000,1,2,1,1,0.0434782608695652,1
25,1000,1,5,1,1,0.0384615384615385,1
25,1000,1,5,1,1,0.0384615384615385,1
25,1000,1,1,1,1,0.0769230769230769,1
25,1000,1,2,1,0.998372797665806,0.0869565217391304,0.666666666666667
25,1000,1,1,1,1,0.0769230769230769,1
25,1000,2,1,1,1,0.0454545454545455,1
25,1000,3,5,1,1,0.0384615384615385,1
3,1000,1,1,1,1,1,1
3,1000,1,3,1,1,1,1
3,1000,1,4,1,1,1,1
3,1000,1,1,1,1,1,1
3,1000,1,1,1,1,1,1
3,1000,1,10,1,1,0.75,1
3,1000,1,2,1,1,1,1
3,1000,1,3,1,1,1,1
3,1000,1,4,1,1,0.75,1
3,1000,1,5,1,1,0.75,1
3,1000,1,6,1,1,0.75,1
3,1000,1,7,1,1,0.75,1
3,1000,1,8,1,1,0.75,1
3,1000,1,9,1,1,0.75,1
3,1000,1,1,1,1,1,1
3,1000,1,4,1,1,1,1
3,1000,1,5,1,1,1,1
3,1000,1,1,1,1,1,1
3,1000,1,1,1,1,1,1
3,1000,1,10,1,1,1,1
3,1000,1,2,1,1,1,1
3,1000,1,3,1,1,1,1
3,1000,1,4,1,1,1,1
3,1000,1,5,1,1,1,1
3,1000,1,6,1,1,1,1
3,1000,1,7,1,1,1,1
3,1000,1,8,1,1,1,1
3,1000,1,9,1,1,1,1
3,1000,1,1,1,1,1,1
3,1000,1,10,1,1,1,1
3,1000,1,2,1,1,1,1
3,1000,1,3,1,1,1,1
3,1000,1,4,1,1,1,1
3,1000,1,5,1,1,1,1
3,1000,1,6,1,1,1,1
3,1000,1,7,1,1,1,1
3,1000,1,8,1,1,1,1
3,1000,1,9,1,1,1,1
3,1000,1,1,1,1,1,1
3,1000,1,2,1,1,1,1
3,1000,1,3,1,1,1,1
3,1000,1,4,1,1,1,1
3,1000,1,5,1,1,1,1
3,1000,1,8,1,1,1,1
3,1000,1,9,1,1,1,1
3,1000,1,1,1,1,1,1
3,1000,1,10,1,1,1,1
3,1000,1,2,1,1,1,1
3,1000,1,3,1,1,1,1
3,1000,1,4,1,1,1,1
3,1000,1,5,1,1,1,1
3,1000,1,6,1,1,1,1
3,1000,1,7,1,1,1,1
3,1000,1,8,1,1,1,1
3,1000,1,9,1,1,1,1
3,1000,1,1,1,1,1,1
3,1000,1,10,1,1,0.666666666666667,1
3,1000,1,5,1,1,0.666666666666667,1
3,1000,1,1,1,1,1,1
3,1000,1,1,1,1,1,1
3,1000,1,1,1,1,1,1
3,1000,1,10,1,1,1,1
3,1000,1,2,1,1,1,1
3,1000,1,3,1,1,1,1
3,1000,1,4,1,1,1,1
3,1000,1,5,1,1,1,1
3,1000,1,6,1,1,1,1
3,1000,1,7,1,1,1,1
3,1000,1,9,1,1,1,1
3,1000,1,1,1,1,1,1
3,1000,1,3,1,1,1,1
3,1000,1,1,1,1,1,1
3,1000,1,10,1,1,1,1
3,1000,1,2,1,1,1,1
3,1000,1,3,1,1,1,1
3,1000,1,4,1,1,1,1
3,1000,1,5,1,1,1,1
3,1000,1,6,1,1,1,1
3,1000,1,7,1,1,1,1
3,1000,1,8,1,1,1,1
3,1000,1,9,1,1,1,1
3,1000,1,1,1,1,1,1
3,1000,1,10,1,1,1,1
3,1000,1,2,1,1,1,1
3,1000,1,3,1,1,1,1
3,1000,1,4,1,1,1,1
3,1000,1,5,1,1,1,1
3,1000,1,6,1,1,1,1
3,1000,1,7,1,1,1,1
3,1000,1,8,1,1,1,1
3,1000,1,9,1,1,1,1
3,1000,1,1,1,1,1,1
3,1000,1,10,1,1,0.75,1
3,1000,1,4,1,1,0.75,1
3,1000,1,5,1,1,0.75,1
3,1000,1,7,1,1,0.75,1
3,1000,1,1,1,1,0.666666666666667,1
3,1000,1,10,1,1,0.666666666666667,1
3,1000,1,2,1,1,0.666666666666667,1
3,1000,1,3,1,1,0.666666666666667,1
3,1000,1,4,1,1,0.666666666666667,1
3,1000,1,5,1,1,0.666666666666667,1
3,1000,1,6,1,1,0.666666666666667,1
3,1000,1,7,1,1,0.666666666666667,1
3,1000,1,8,1,1,0.666666666666667,1
3,1000,1,9,1,1,0.666666666666667,1
3,1000,1,1,1,1,1,1
3,1000,1,10,1,1,1,1
3,1000,1,6,1,1,1,1
3,1000,1,8,1,1,1,1
3,1000,1,9,1,1,1,1
3,1000,1,1,1,1,1,1
3,1000,1,10,1,1,1,1
3,1000,1,6,1,1,1,1
3,1000,1,7,1,1,1,1
3,1000,1,8,1,1,1,1
3,1000,1,9,1,1,1,1
3,1000,1,1,1,1,0.5,1
3,1000,1,10,1,1,0.25,1
3,1000,1,2,1,1,0.333333333333333,1
3,1000,1,3,1,1,0.333333333333333,1
3,1000,1,4,1,1,0.25,1
3,1000,1,5,1,1,0.25,1
3,1000,1,6,1,1,0.25,1
3,1000,1,7,1,1,0.25,1
3,1000,1,8,1,1,0.25,1
3,1000,1,9,1,1,0.25,1
3,1000,1,1,1,1,1,1
3,1000,1,10,1,1,1,1
3,1000,1,2,1,1,1,1
3,1000,1,3,1,1,1,1
3,1000,1,4,1,1,1,1
3,1000,1,5,1,1,1,1
3,1000,1,6,1,1,1,1
3,1000,1,7,1,1,1,1
3,1000,1,8,1,1,1,1
3,1000,1,9,1,1,1,1
3,1000,1,1,1,1,1,1
3,1000,1,10,1,1,1,1
3,1000,1,5,1,1,1,1
3,1000,1,6,1,1,1,1
3,1000,1,7,1,1,1,1
3,1000,1,9,1,1,1,1
3,1000,1,1,1,1,1,1
3,1000,1,10,1,1,1,1
3,1000,1,2,1,1,1,1
3,1000,1,3,1,1,1,1
3,1000,1,4,1,1,1,1
3,1000,1,5,1,1,1,1
3,1000,1,6,1,1,1,1
3,1000,1,7,1,1,1,1
3,1000,1,8,1,1,1,1
3,1000,1,9,1,1,1,1
3,1000,1,1,1,1,1,1
3,1000,1,10,1,1,1,1
3,1000,1,2,1,1,1,1
3,1000,1,3,1,1,1,1
3,1000,1,4,1,1,1,1
3,1000,1,5,1,1,1,1
3,1000,1,6,1,1,1,1
3,1000,1,7,1,1,1,1
3,1000,1,8,1,1,1,1
3,1000,1,9,1,1,1,1
3,1000,1,1,1,1,1,1
3,1000,1,10,1,1,0.75,1
3,1000,1,2,1,1,0.75,1
3,1000,1,3,1,1,0.75,1
3,1000,1,4,1,1,0.75,1
3,1000,1,5,1,1,0.75,1
3,1000,1,6,1,1,0.75,1
3,1000,1,7,1,1,0.75,1
3,1000,1,8,1,1,0.75,1
3,1000,1,9,1,1,0.75,1
3,1000,1,1,1,1,1,1
3,1000,1,10,1,1,0.75,1
3,1000,1,2,1,1,0.75,1
3,1000,1,3,1,1,0.75,1
3,1000,1,4,1,1,0.75,1
3,1000,1,5,1,1,0.75,1
3,1000,1,6,1,1,0.75,1
3,1000,1,7,1,1,0.75,1
3,1000,1,8,1,1,0.75,1
3,1000,1,9,1,1,0.75,1
3,1000,1,1,1,1,1,1
3,1000,1,10,1,1,1,1
3,1000,1,2,1,1,1,1
3,1000,1,3,1,1,1,1
3,1000,1,4,1,1,1,1
3,1000,1,5,1,1,1,1
3,1000,1,6,1,1,1,1
3,1000,1,7,1,1,1,1
3,1000,1,8,1,1,1,1
3,1000,1,9,1,1,1,1
3,1000,1,1,1,1,1,1
3,1000,1,10,1,1,0.6,1
3,1000,1,2,1,1,1,1
3,1000,1,3,1,1,1,1
3,1000,1,4,1,1,1,1
3,1000,1,5,1,1,1,1
3,1000,1,6,1,1,1,1
3,1000,1,7,1,1,1,1
3,1000,1,8,1,1,0.75,1
3,1000,1,9,1,1,0.75,1
3,1000,1,1,1,1,1,1
3,1000,1,1,1,1,1,1
3,1000,1,9,1,1,1,1
3,1000,1,1,1,1,1,1
3,1000,1,10,1,1,0.75,1
3,1000,1,2,1,1,1,1
3,1000,1,3,1,1,1,1
3,1000,1,4,1,1,0.75,1
3,1000,1,5,1,1,0.75,1
3,1000,1,6,1,1,0.75,1
3,1000,1,7,1,1,0.75,1
3,1000,1,8,1,1,0.75,1
3,1000,1,9,1,1,0.75,1
3,1000,1,1,1,1,1,1
3,1000,1,10,1,1,1,1
3,1000,1,2,1,1,1,1
3,1000,1,3,1,1,1,1
3,1000,1,4,1,1,1,1
3,1000,1,5,1,1,1,1
3,1000,1,6,1,1,1,1
3,1000,1,7,1,1,1,1
3,1000,1,8,1,1,1,1
3,1000,1,9,1,1,1,1
3,1000,1,1,1,1,1,1
3,1000,1,10,1,1,1,1
3,1000,1,2,1,1,1,1
3,1000,1,3,1,1,1,1
3,1000,1,4,1,1,1,1
3,1000,1,5,1,1,1,1
3,1000,1,6,1,1,1,1
3,1000,1,7,1,1,1,1
3,1000,1,8,1,1,1,1
3,1000,1,9,1,1,1,1
3,1000,1,1,1,1,1,1
3,1000,1,8,1,1,1,1
3,1000,1,9,1,1,1,1
3,1000,1,1,1,1,1,1
3,1000,1,4,1,1,1,1
3,1000,1,7,1,1,1,1
3,1000,1,1,1,1,1,1
3,1000,1,5,1,1,1,1
3,1000,1,6,1,1,1,1
3,1000,1,1,1,1,1,1
3,1000,1,2,1,1,1,1
3,1000,1,1,1,1,1,1
3,1000,1,3,1,1,1,1
3,1000,1,5,1,1,0.75,1
3,1000,1,8,1,1,0.75,1
3,1000,1,1,1,1,1,1
3,1000,1,10,1,1,0.6,1
3,1000,1,3,1,1,1,1
3,1000,1,4,1,1,1,1
3,1000,1,5,1,1,1,1
3,1000,1,6,1,1,0.75,1
3,1000,1,7,1,1,0.75,1
3,1000,1,8,1,1,0.6,1
3,1000,1,1,1,1,1,1
3,1000,1,2,1,1,1,1
3,1000,1,3,1,1,1,1
3,1000,1,4,1,1,1,1
3,1000,1,1,1,1,1,1
3,1000,1,4,1,1,1,1
3,1000,1,1,1,1,1,1
3,1000,1,10,1,1,0.75,1
3,1000,1,2,1,1,1,1
3,1000,1,3,1,1,1,1
3,1000,1,4,1,1,1,1
3,1000,1,5,1,1,1,1
3,1000,1,6,1,1,1,1
3,1000,1,7,1,1,1,1
3,1000,1,8,1,1,1,1
3,1000,1,9,1,1,0.75,1
3,1000,1,1,1,1,1,1
3,1000,1,2,1,1,1,1
3,1000,1,3,1,1,1,1
3,1000,1,4,1,1,1,1
3,1000,1,6,1,1,1,1
3,1000,1,7,1,1,1,1
3,1000,1,8,1,1,1,1
3,1000,1,7,1,1,1,1
3,1000,1,1,1,1,1,1
3,1000,1,2,1,1,1,1
3,1000,1,7,1,1,1,1
3,1000,1,1,1,1,1,1
3,1000,1,1,1,1,1,1
3,1000,1,3,1,1,1,1
3,1000,1,4,1,1,1,1
3,1000,1,5,1,1,1,1
3,1000,1,6,1,1,1,1
3,1000,1,8,1,1,1,1
3,1000,1,1,1,1,1,1
3,1000,1,10,1,1,1,1
3,1000,1,3,1,1,1,1
3,1000,1,4,1,1,1,1
3,1000,1,5,1,1,1,1
3,1000,1,6,1,1,1,1
3,1000,1,7,1,1,1,1
3,1000,1,8,1,1,1,1
3,1000,1,9,1,1,1,1
3,1000,2,1,1,1,0.666666666666667,0.5
3,1000,2,2,1,1,0.5,0.5
3,1000,2,3,1,1,0.5,0.5
3,1000,2,1,1,1,1,0.75
3,1000,2,2,1,1,1,1
3,1000,2,3,1,1,1,1
3,1000,2,1,1,1,1,0.75
3,1000,2,2,1,1,0.75,0.75
3,1000,2,3,1,1,0.75,0.75
3,1000,2,1,0.942544459644323,0.88560411311054,1,0.6
3,1000,2,2,1,1,0.8,0.8
3,1000,2,3,1,1,0.8,0.8
3,1000,2,3,1,1,0.8,0.8
3,1000,2,4,1,1,0.8,0.8
3,1000,2,7,1,1,0.8,0.8
3,1000,2,1,1,1,1,1
3,1000,2,2,1,1,1,1
3,1000,2,3,1,1,1,1
3,1000,2,4,1,1,1,1
3,1000,2,5,1,1,1,1
3,1000,2,6,1,1,1,1
3,1000,2,7,1,1,1,1
3,1000,2,8,1,1,1,1
3,1000,2,1,1,0.800604229607251,1,0.6
3,1000,2,2,1,1,1,1
3,1000,2,3,1,1,1,1
3,1000,2,1,1,1,1,0.75
3,1000,2,1,1,1,1,0.75
3,1000,2,2,1,1,1,1
3,1000,2,3,1,1,1,1
3,1000,2,1,1,0.837264150943396,1,0.6
3,1000,2,3,1,1,1,1
3,1000,2,4,1,1,1,1
3,1000,2,5,1,1,1,1
3,1000,2,7,1,1,1,1
3,1000,2,1,1,1,1,0.75
3,1000,2,6,1,1,1,1
3,1000,2,9,1,1,1,1
3,1000,2,1,1,1,1,0.75
3,1000,2,2,1,1,1,1
3,1000,2,3,1,1,1,1
3,1000,2,2,1,1,1,1
3,1000,2,3,1,1,1,1
3,1000,2,1,0.946452476572959,0.878260869565217,1,0.6
3,1000,2,2,1,1,1,1
3,1000,2,3,1,1,1,1
3,1000,2,1,1,0.833520809898763,0.666666666666667,0.4
3,1000,2,2,1,1,0.8,0.8
3,1000,2,3,1,1,0.8,0.8
3,1000,2,1,1,0.766454352441614,1,0.75
3,1000,2,2,1,1,1,1
3,1000,2,3,1,1,1,1
3,1000,2,1,1,1,1,0.75
3,1000,2,2,1,1,1,1
3,1000,2,3,1,1,1,1
3,1000,2,1,0.964585274930102,0.918367346938776,0.666666666666667,0.4
3,1000,2,10,1,1,0.8,0.8
3,1000,2,3,1,1,0.8,0.8
3,1000,2,7,1,1,0.8,0.8
3,1000,2,1,1,0.815705128205128,1,0.6
3,1000,2,2,1,1,1,1
3,1000,2,3,1,1,1,1
3,1000,2,1,1,1,1,0.75
3,1000,2,2,1,1,1,1
3,1000,2,3,1,1,1,1
3,1000,2,1,1,1,1,1
3,1000,2,2,1,1,0.75,1
3,1000,2,3,1,1,0.75,1
3,1000,2,1,1,1,1,1
3,1000,2,2,1,1,1,1
3,1000,2,3,1,1,1,1
3,1000,2,1,1,1,0.666666666666667,0.5
3,1000,2,2,1,1,0.5,0.5
3,1000,2,3,1,1,0.5,0.5
3,1000,2,1,0.938911022576361,0.891551071878941,1,0.6
3,1000,2,2,1,1,0.8,0.8
3,1000,2,3,1,1,0.8,0.8
3,1000,2,2,1,1,1,1
3,1000,2,3,1,1,1,1
3,1000,2,1,1,0.835374149659864,1,0.6
3,1000,2,2,1,1,1,1
3,1000,2,3,1,1,1,1
3,1000,2,1,1,0.79746835443038,1,0.6
3,1000,2,2,1,1,1,1
3,1000,2,3,1,1,1,1
3,1000,2,1,1,1,1,0.75
3,1000,2,2,1,1,0.75,0.75
3,1000,2,3,1,1,0.75,0.75
3,1000,2,1,1,1,0.666666666666667,0.5
3,1000,2,2,1,1,0.5,0.5
3,1000,2,3,1,1,0.5,0.5
3,1000,2,1,1,1,1,0.75
3,1000,2,2,1,1,1,1
3,1000,2,3,1,1,1,1
3,1000,2,1,1,1,1,0.75
3,1000,2,2,1,1,1,1
3,1000,2,3,1,1,1,1
3,1000,2,1,1,0.807874015748032,1,0.6
3,1000,2,2,1,1,1,1
3,1000,2,3,1,1,1,1
3,1000,2,1,0.949152542372881,0.87843137254902,1,0.6
3,1000,2,2,1,1,0.8,0.8
3,1000,2,3,1,1,0.8,0.8
3,1000,2,1,1,1,1,1
3,1000,2,2,1,1,1,1
3,1000,2,3,1,1,1,1
3,1000,2,1,1,1,1,1
3,1000,2,2,1,1,1,1
3,1000,2,3,1,1,1,1
3,1000,2,1,1,1,1,1
3,1000,2,2,1,1,1,1
3,1000,2,3,1,1,1,1
3,1000,2,1,1,1,1,0.75
3,1000,2,2,1,1,1,1
3,1000,2,5,1,1,1,1
3,1000,2,7,1,1,1,1
3,1000,2,1,1,1,1,1
3,1000,2,2,1,1,0.75,1
3,1000,2,3,1,1,0.75,1
3,1000,2,1,1,1,0.666666666666667,0.5
3,1000,2,2,1,1,0.5,0.5
3,1000,2,3,1,1,0.5,0.5
3,1000,2,1,1,1,0.666666666666667,0.5
3,1000,2,2,1,1,0.5,0.5
3,1000,2,3,1,1,0.5,0.5
3,1000,2,1,1,1,1,0.75
3,1000,2,2,1,1,1,1
3,1000,2,3,1,1,1,1
3,1000,2,1,1,1,0.333333333333333,0.333333333333333
3,1000,2,1,1,1,0.666666666666667,0.5
3,1000,2,10,1,1,0.5,0.5
3,1000,2,3,1,1,0.5,0.5
3,1000,2,5,1,1,0.5,0.5
3,1000,2,6,1,1,0.5,0.5
3,1000,2,7,1,1,0.5,0.5
3,1000,2,8,1,1,0.5,0.5
3,1000,2,9,1,1,0.5,0.5
3,1000,2,1,1,0.812101910828026,1,0.6
3,1000,2,5,1,1,1,1
3,1000,2,6,1,1,1,1
3,1000,2,1,1,0.794258373205742,1,0.6
3,1000,2,2,1,1,1,1
3,1000,2,3,1,1,1,1
3,1000,2,1,1,0.845537757437071,1,0.6
3,1000,2,2,1,1,1,1
3,1000,2,3,1,1,1,1
3,1000,2,1,1,1,1,0.75
3,1000,2,2,1,1,1,1
3,1000,2,3,1,1,1,1
3,1000,2,1,1,0.85226019845645,0.666666666666667,0.4
3,1000,2,2,1,1,0.8,0.8
3,1000,2,3,1,1,0.8,0.8
3,1000,2,1,0.935261707988981,0.881818181818182,1,0.6
3,1000,2,2,1,1,1,1
3,1000,2,3,1,1,1,1
3,1000,2,1,1,1,1,0.75
3,1000,2,2,1,1,1,1
3,1000,2,3,1,1,1,1
3,1000,3,1,1,1,1,0.5
3,1000,3,2,1,1,1,0.666666666666667
3,1000,3,3,1,1,1,0.666666666666667
3,1000,3,1,1,1,0.666666666666667,0.5
3,1000,3,2,1,1,0.5,0.5
3,1000,3,3,1,1,0.5,0.5
3,1000,3,1,0.944223107569721,0.901140684410646,0.666666666666667,0.333333333333333
3,1000,3,2,0.944223107569721,0.901140684410646,0.75,0.5
3,1000,3,3,0.944223107569721,0.901140684410646,0.75,0.5
3,1000,3,2,1,1,1,0.666666666666667
3,1000,3,3,1,1,1,0.666666666666667
3,1000,3,4,1,1,1,0.666666666666667
3,1000,3,5,1,1,1,0.666666666666667
3,1000,3,6,1,1,1,0.666666666666667
3,1000,3,7,1,1,1,0.666666666666667
3,1000,3,1,0.944281524926686,0.933333333333333,0.666666666666667,0.333333333333333
3,1000,3,2,0.959090909090909,0.917391304347826,0.75,0.5
3,1000,3,3,0.959090909090909,0.917391304347826,0.75,0.5
3,1000,3,6,1,1,0.8,0.666666666666667
3,1000,3,7,1,1,0.8,0.666666666666667
3,1000,3,1,1,0.732954545454545,1,0.75
3,1000,3,2,1,1,1,1
3,1000,3,3,1,1,1,1
3,1000,3,4,1,1,1,1
3,1000,3,5,1,1,1,1
3,1000,3,6,1,1,1,1
3,1000,3,7,1,1,1,1
3,1000,3,1,1,1,1,0.6
3,1000,3,2,1,1,1,0.8
3,1000,3,3,1,1,1,0.8
3,1000,3,4,1,1,1,0.8
3,1000,3,5,1,1,1,0.8
3,1000,3,6,1,1,1,0.8
3,1000,3,7,1,1,1,0.8
3,1000,3,1,0.954545454545455,0.873345935727788,1,0.5
3,1000,3,2,0.954545454545455,0.873345935727788,1,0.666666666666667
3,1000,3,3,1,1,1,0.833333333333333
3,1000,3,3,1,1,1,0.833333333333333
3,1000,3,4,1,1,1,0.833333333333333
3,1000,3,5,1,1,1,0.833333333333333
3,1000,3,6,1,1,1,0.833333333333333
3,1000,3,7,1,1,1,0.833333333333333
3,1000,3,1,1,1,1,0.5
3,1000,3,2,1,1,1,0.666666666666667
3,1000,3,3,1,1,1,0.666666666666667
3,1000,3,1,1,0.604966139954853,1,0.6
3,1000,3,2,1,0.604966139954853,1,0.6
3,1000,3,3,1,1,1,1
3,1000,3,1,0.956953642384106,0.908805031446541,0.666666666666667,0.5
3,1000,3,2,0.956953642384106,0.908805031446541,0.75,0.75
3,1000,3,3,0.956953642384106,0.908805031446541,0.75,0.75
3,1000,3,1,1,0.598214285714286,1,0.6
3,1000,3,2,1,0.598214285714286,1,0.6
3,1000,3,3,1,1,1,1
3,1000,3,4,1,1,1,1
3,1000,3,5,1,1,1,1
3,1000,3,6,1,1,1,1
3,1000,3,7,1,1,1,1
3,1000,3,2,1,1,1,0.666666666666667
3,1000,3,3,1,1,1,0.666666666666667
3,1000,3,2,0.948936170212766,0.890219560878243,0.75,0.6
3,1000,3,3,1,1,0.8,0.8
3,1000,3,1,1,1,1,0.75
3,1000,3,2,1,1,1,1
3,1000,3,1,1,0.590123456790123,1,0.6
3,1000,3,2,1,0.812345679012346,1,0.8
3,1000,3,3,1,1,1,1
3,1000,3,3,1,1,1,1
3,1000,3,1,0.930555555555556,0.896749521988528,1,0.5
3,1000,3,2,0.930555555555556,0.896749521988528,1,0.666666666666667
3,1000,3,3,0.930555555555556,0.896749521988528,1,0.666666666666667
3,1000,3,4,1,1,1,0.833333333333333
3,1000,3,5,1,1,1,0.833333333333333
3,1000,3,6,1,1,1,0.833333333333333
3,1000,3,7,1,1,1,0.833333333333333
3,1000,3,1,1,0.844947735191638,1,0.6
3,1000,3,2,1,1,1,1
3,1000,3,3,1,1,1,1
3,1000,3,1,1,0.608076009501188,1,0.6
3,1000,3,2,1,0.608076009501188,1,0.6
3,1000,3,3,1,0.793349168646081,1,0.8
3,1000,3,4,1,1,1,1
3,1000,3,5,1,1,1,1
3,1000,3,6,1,1,1,1
3,1000,3,7,1,1,1,1
3,1000,3,1,0.923404255319149,0.911764705882353,1,0.5
3,1000,3,2,0.923404255319149,0.911764705882353,1,0.666666666666667
3,1000,3,3,0.923404255319149,0.911764705882353,1,0.666666666666667
3,1000,3,1,1,0.736686390532544,1,0.75
3,1000,3,2,1,0.736686390532544,1,0.75
3,1000,3,3,1,1,1,1
3,1000,3,4,1,1,1,1
3,1000,3,5,1,1,1,1
3,1000,3,6,1,1,1,1
3,1000,3,7,1,1,1,1
3,1000,3,1,1,0.756838905775076,1,0.75
3,1000,3,2,1,0.756838905775076,1,0.75
3,1000,3,3,1,1,1,1
3,1000,3,1,1,0.868465430016863,1,0.6
3,1000,3,2,1,1,1,1
3,1000,3,3,1,1,1,1
3,1000,3,1,1,0.740740740740741,1,0.75
3,1000,3,2,1,1,1,1
3,1000,3,3,1,1,1,1
3,1000,3,4,1,1,1,1
3,1000,3,5,1,1,1,1
3,1000,3,6,1,1,1,1
3,1000,3,7,1,1,1,1
3,1000,3,1,1,0.849420849420849,1,0.6
3,1000,3,2,1,0.849420849420849,1,0.8
3,1000,3,3,1,1,1,1
3,1000,3,1,1,1,1,0.75
3,1000,3,2,1,1,1,1
3,1000,3,3,1,1,1,1
3,1000,3,4,1,1,1,1
3,1000,3,5,1,1,1,1
3,1000,3,6,1,1,1,1
3,1000,3,1,0.892193308550186,0.823327615780446,0.666666666666667,0.333333333333333
3,1000,3,2,0.904214559386973,0.809605488850772,0.75,0.5
3,1000,3,3,0.904214559386973,0.809605488850772,0.75,0.5
3,1000,3,6,1,1,0.833333333333333,0.833333333333333
3,1000,3,7,1,1,0.833333333333333,0.833333333333333
3,1000,3,1,0.866129032258064,0.826153846153846,1,0.5
3,1000,3,2,0.879598662207358,0.809230769230769,1,0.666666666666667
3,1000,3,3,1,1,1,1
3,1000,3,1,1,0.767045454545455,1,0.75
3,1000,3,2,1,0.767045454545455,1,0.75
3,1000,3,3,1,1,1,1
3,1000,3,1,1,0.51219512195122,1,0.5
3,1000,3,2,0.93006993006993,0.88470066518847,1,0.666666666666667
3,1000,3,3,0.93006993006993,0.88470066518847,1,0.666666666666667
3,1000,3,1,1,1,1,0.75
3,1000,3,2,1,1,1,1
3,1000,3,3,1,1,1,1
3,1000,3,4,1,1,1,1
3,1000,3,5,1,1,1,1
3,1000,3,6,1,1,1,1
3,1000,3,7,1,1,1,1
3,1000,3,1,1,1,1,0.6
3,1000,3,2,1,1,1,0.8
3,1000,3,3,1,1,1,0.8
3,1000,3,3,1,1,1,1
3,1000,3,1,1,1,1,0.5
3,1000,3,2,1,1,0.75,0.5
3,1000,3,3,1,1,0.75,0.5
3,1000,3,2,1,0.592677345537757,1,0.6
3,1000,3,3,1,1,1,1
3,1000,3,4,1,1,1,1
3,1000,3,5,1,1,1,1
3,1000,3,6,1,1,1,1
3,1000,3,7,1,1,1,1
3,1000,3,1,0.939668174962293,0.920236336779911,0.666666666666667,0.5
3,1000,3,2,0.939668174962293,0.920236336779911,0.75,0.75
3,1000,3,3,1,1,0.8,1
3,1000,3,4,1,1,0.8,1
3,1000,3,7,1,1,0.8,1
3,1000,3,1,1,1,1,0.6
3,1000,3,2,1,1,1,0.8
3,1000,3,3,1,1,1,0.8
3,1000,3,1,0.850594227504245,0.837792642140468,1,0.5
3,1000,3,2,0.870736086175943,0.811036789297659,1,0.666666666666667
3,1000,3,3,0.94017094017094,0.919732441471572,1,0.833333333333333
3,1000,3,1,1,1,1,0.5
3,1000,3,2,1,1,1,0.666666666666667
3,1000,3,3,1,1,1,0.666666666666667
3,1000,3,1,0.944615384615385,0.924698795180723,1,0.5
3,1000,3,2,0.958730158730159,0.909638554216867,1,0.666666666666667
3,1000,3,3,0.958730158730159,0.909638554216867,1,0.666666666666667
3,1000,3,1,1,1,0.666666666666667,0.4
3,1000,3,2,1,1,0.75,0.6
3,1000,3,3,1,1,0.75,0.6
3,1000,3,1,1,0.844020797227036,1,0.5
3,1000,3,2,1,1,1,0.833333333333333
3,1000,3,3,1,1,1,0.833333333333333
3,1000,3,1,0.941414141414141,0.884250474383302,1,0.5
3,1000,3,2,0.941414141414141,0.884250474383302,1,0.666666666666667
3,1000,3,5,1,1,1,0.833333333333333
3,1000,3,6,1,1,1,0.833333333333333
3,1000,3,7,1,1,1,0.833333333333333
3,1000,3,1,0.947916666666667,0.869980879541109,1,0.6
3,1000,3,2,0.947916666666667,0.869980879541109,1,0.8
3,1000,3,3,1,1,1,1
3,1000,3,1,1,1,1,0.75
3,1000,3,2,1,1,1,1
3,1000,3,3,1,1,1,1
3,1000,3,1,1,0.751461988304094,1,0.75
3,1000,3,2,1,0.751461988304094,1,0.75
3,1000,3,3,1,1,1,1
3,1000,3,4,1,1,1,1
3,1000,3,5,1,1,1,1
3,1000,3,6,1,1,1,1
3,1000,3,7,1,1,1,1
3,1000,3,1,0.954765751211632,0.914860681114551,1,0.5
3,1000,3,2,0.954765751211632,0.914860681114551,1,0.666666666666667
3,1000,3,3,0.954765751211632,0.914860681114551,1,0.666666666666667
3,1000,3,1,1,0.749262536873156,1,0.75
3,1000,3,2,1,0.749262536873156,1,0.75
3,1000,3,3,1,1,1,1
3,1000,3,4,1,1,1,1
3,1000,3,5,1,1,1,1
3,1000,3,6,1,1,1,1
3,1000,3,7,1,1,1,1
3,1000,4,1,1,0.607142857142857,1,0.75
3,1000,4,2,1,1,1,1
3,1000,4,3,1,1,1,1
3,1000,4,1,0.96218487394958,0.917835671342685,1,0.5
3,1000,4,2,0.96218487394958,0.917835671342685,1,0.666666666666667
3,1000,4,3,0.96218487394958,0.917835671342685,1,0.666666666666667
3,1000,4,5,0.96218487394958,0.917835671342685,1,0.666666666666667
3,1000,4,6,0.96218487394958,0.917835671342685,1,0.666666666666667
3,1000,4,7,0.96218487394958,0.917835671342685,1,0.666666666666667
3,1000,4,1,1,0.579617834394904,1,0.6
3,1000,4,2,1,1,0.75,0.6
3,1000,4,3,1,1,0.75,0.6
3,1000,4,1,1,0.848404255319149,1,0.6
3,1000,4,2,1,0.848404255319149,1,0.8
3,1000,4,3,1,0.848404255319149,1,0.8
3,1000,4,1,1,1,1,0.428571428571429
3,1000,4,2,1,1,1,0.571428571428571
3,1000,4,3,1,1,1,0.571428571428571
3,1000,4,1,1,0.818181818181818,1,0.6
3,1000,4,2,0.896955503512881,0.829004329004329,1,0.8
3,1000,4,3,1,1,1,1
3,1000,4,1,1,0.5,1,0.6
3,1000,4,2,1,0.833333333333333,1,0.8
3,1000,4,3,1,0.833333333333333,1,0.8
3,1000,4,1,1,0.606811145510836,1,0.6
3,1000,4,2,1,0.606811145510836,1,0.6
3,1000,4,3,1,0.606811145510836,1,0.6
3,1000,4,1,0.957564575645756,0.931777378815081,0.666666666666667,0.4
3,1000,4,2,0.957564575645756,0.931777378815081,0.75,0.6
3,1000,4,3,0.957564575645756,0.931777378815081,0.75,0.6
3,1000,4,1,1,0.842572062084257,1,0.5
3,1000,4,2,1,0.842572062084257,1,0.666666666666667
3,1000,4,3,1,1,1,0.833333333333333
3,1000,4,1,1,1,1,0.6
3,1000,4,2,1,1,1,0.8
3,1000,4,3,1,1,1,0.8
3,1000,4,1,1,0.83956043956044,1,0.6
3,1000,4,2,1,0.83956043956044,1,0.8
3,1000,4,3,1,1,1,1
3,1000,4,1,1,1,1,0.5
3,1000,4,2,1,1,1,0.666666666666667
3,1000,4,3,1,1,1,0.666666666666667
3,1000,4,7,1,1,1,0.666666666666667
3,1000,4,1,1,0.447058823529412,1,0.5
3,1000,4,2,0.878378378378378,0.764705882352941,1,0.666666666666667
3,1000,4,3,0.878378378378378,0.764705882352941,1,0.666666666666667
3,1000,4,1,1,1,0.666666666666667,0.333333333333333
3,1000,4,2,1,1,0.75,0.5
3,1000,4,3,1,1,0.75,0.5
3,1000,4,2,0.946745562130177,0.891364902506964,0.75,0.5
3,1000,4,3,0.946745562130177,0.891364902506964,0.75,0.5
3,1000,4,1,0.950850661625709,0.916211293260474,1,0.428571428571429
3,1000,4,2,0.950850661625709,0.916211293260474,1,0.571428571428571
3,1000,4,3,0.950850661625709,0.916211293260474,1,0.571428571428571
3,1000,4,1,1,1,1,1
3,1000,4,2,1,1,1,1
3,1000,4,3,1,1,1,1
3,1000,4,1,1,1,1,0.5
3,1000,4,2,1,1,1,0.666666666666667
3,1000,4,3,1,1,1,0.666666666666667
3,1000,4,1,0.958167330677291,0.923224568138196,1,0.5
3,1000,4,2,0.958167330677291,0.923224568138196,1,0.666666666666667
3,1000,4,3,0.958167330677291,0.923224568138196,1,0.666666666666667
3,1000,4,1,1,0.512135922330097,1,0.5
3,1000,4,2,0.938992042440318,0.859223300970874,0.75,0.5
3,1000,4,3,0.938992042440318,0.859223300970874,0.75,0.5
3,1000,4,1,1,0.5,1,0.6
3,1000,4,2,1,0.842696629213483,1,0.8
3,1000,4,3,1,0.842696629213483,1,0.8
3,1000,4,1,1,0.851441241685144,1,0.5
3,1000,4,2,1,0.851441241685144,1,0.666666666666667
3,1000,4,3,1,1,1,0.833333333333333
3,1000,4,1,1,1,1,0.5
3,1000,4,3,1,1,1,0.666666666666667
3,1000,4,1,1,0.505464480874317,1,0.5
3,1000,4,2,0.947214076246334,0.882513661202186,0.75,0.5
3,1000,4,3,0.947214076246334,0.882513661202186,0.75,0.5
3,1000,4,1,0.929236499068901,0.93796992481203,1,0.5
3,1000,4,2,0.954635108481262,0.909774436090226,1,0.666666666666667
3,1000,4,3,0.954635108481262,0.909774436090226,1,0.666666666666667
3,1000,4,1,1,1,1,0.428571428571429
3,1000,4,2,1,1,1,0.571428571428571
3,1000,4,3,1,1,1,0.571428571428571
3,1000,4,1,1,1,1,0.5
3,1000,4,2,1,1,1,0.666666666666667
3,1000,4,3,1,1,1,0.666666666666667
3,1000,4,1,1,0.5,1,0.6
3,1000,4,2,1,0.799528301886792,1,0.8
3,1000,4,3,1,1,1,1
3,1000,4,1,1,1,0.666666666666667,0.4
3,1000,4,2,1,1,0.75,0.6
3,1000,4,3,1,1,0.75,0.6
3,1000,4,1,1,0.425806451612903,1,0.428571428571429
3,1000,4,2,0.915841584158416,0.795698924731183,1,0.571428571428571
3,1000,4,3,0.915841584158416,0.795698924731183,1,0.571428571428571
3,1000,4,1,1,1,1,0.6
3,1000,4,2,1,1,1,0.8
3,1000,4,1,1,0.419287211740042,1,0.5
3,1000,4,2,0.878205128205128,0.861635220125786,0.75,0.5
3,1000,4,3,0.878205128205128,0.861635220125786,0.75,0.5
3,1000,4,1,0.952277657266811,0.908902691511387,1,0.428571428571429
3,1000,4,2,0.952277657266811,0.908902691511387,1,0.571428571428571
3,1000,4,3,0.952277657266811,0.908902691511387,1,0.571428571428571
3,1000,4,1,1,0.586206896551724,1,0.75
3,1000,4,2,1,1,1,1
3,1000,4,3,1,1,1,1
3,1000,4,1,1,0.50383631713555,1,0.6
3,1000,4,2,0.950953678474114,0.892583120204604,1,0.8
3,1000,4,3,0.950953678474114,0.892583120204604,1,0.8
3,1000,4,1,1,1,1,0.6
3,1000,4,2,1,1,1,0.8
3,1000,4,3,1,1,1,0.8
3,1000,4,2,1,1,1,0.8
3,1000,4,3,1,1,1,0.8
3,1000,4,1,0.948559670781893,0.905697445972495,1,0.5
3,1000,4,2,0.948559670781893,0.905697445972495,1,0.666666666666667
3,1000,4,3,0.948559670781893,0.905697445972495,1,0.666666666666667
3,1000,4,1,1,1,1,0.428571428571429
3,1000,4,2,1,1,1,0.571428571428571
3,1000,4,3,1,1,1,0.571428571428571
3,1000,4,1,1,0.511749347258486,1,0.5
3,1000,4,2,0.935135135135135,0.903394255874674,1,0.666666666666667
3,1000,4,3,0.935135135135135,0.903394255874674,1,0.666666666666667
3,1000,4,1,1,0.5,1,0.6
3,1000,4,2,1,0.813397129186603,1,0.8
3,1000,4,3,1,0.813397129186603,1,0.8
3,1000,4,1,1,0.583850931677019,1,0.6
3,1000,4,2,1,1,0.75,0.6
3,1000,4,3,1,1,0.75,0.6
3,1000,4,1,1,1,1,0.6
3,1000,4,2,1,1,1,0.8
3,1000,4,3,1,1,1,0.8
3,1000,4,1,1,0.427553444180523,1,0.6
3,1000,4,2,0.897368421052632,0.809976247030879,0.75,0.6
3,1000,4,3,0.897368421052632,0.809976247030879,0.75,0.6
3,1000,4,1,1,0.59047619047619,1,0.6
3,1000,4,2,1,0.59047619047619,1,0.6
3,1000,4,3,1,0.59047619047619,1,0.6
3,1000,4,1,1,1,1,0.428571428571429
3,1000,4,2,1,1,1,0.571428571428571
3,1000,4,3,1,1,1,0.571428571428571
3,1000,4,1,1,0.5,1,0.6
3,1000,4,2,1,0.5,1,0.6
3,1000,4,3,1,0.838926174496644,1,0.8
3,1000,4,1,1,0.512129380053908,1,0.6
3,1000,4,2,0.943820224719101,0.905660377358491,0.75,0.6
3,1000,4,3,0.943820224719101,0.905660377358491,0.75,0.6
3,1000,4,1,0.951945080091533,0.88135593220339,1,0.5
3,1000,4,2,0.951945080091533,0.88135593220339,1,0.666666666666667
3,1000,4,3,0.951945080091533,0.88135593220339,1,0.666666666666667
3,1000,5,1,1,1,1,0.428571428571429
3,1000,5,2,1,1,1,0.571428571428571
3,1000,5,3,1,1,1,0.571428571428571
3,1000,5,4,1,1,1,0.571428571428571
3,1000,5,5,1,1,1,0.571428571428571
3,1000,5,6,1,1,1,0.571428571428571
3,1000,5,7,1,1,1,0.571428571428571
3,1000,5,1,0.958441558441558,0.9225,1,0.6
3,1000,5,3,0.958441558441558,0.9225,1,0.8
3,1000,5,5,0.958441558441558,0.9225,1,0.8
3,1000,5,6,0.958441558441558,0.9225,1,0.8
3,1000,5,7,0.958441558441558,0.9225,1,0.8
3,1000,5,1,1,0.44336569579288,1,0.5
3,1000,5,2,1,1,1,0.666666666666667
3,1000,5,3,1,1,1,0.666666666666667
3,1000,5,4,1,1,1,0.666666666666667
3,1000,5,5,1,1,1,0.666666666666667
3,1000,5,6,1,1,1,0.666666666666667
3,1000,5,7,1,1,1,0.666666666666667
3,1000,5,1,0.959036144578313,0.908675799086758,1,0.428571428571429
3,1000,5,4,0.959036144578313,0.908675799086758,1,0.571428571428571
3,1000,5,5,0.959036144578313,0.908675799086758,1,0.571428571428571
3,1000,5,6,0.959036144578313,0.908675799086758,1,0.571428571428571
3,1000,5,7,0.959036144578313,0.908675799086758,1,0.571428571428571
3,1000,5,1,1,1,1,0.428571428571429
3,1000,5,2,1,1,1,0.571428571428571
3,1000,5,3,1,1,1,0.571428571428571
3,1000,5,4,1,1,1,0.571428571428571
3,1000,5,5,1,1,1,0.571428571428571
3,1000,5,6,1,1,1,0.571428571428571
3,1000,5,7,1,1,1,0.571428571428571
3,1000,5,1,1,0.504587155963303,1,0.6
3,1000,5,2,0.924764890282132,0.902140672782875,1,0.8
3,1000,5,3,0.924764890282132,0.902140672782875,1,0.8
3,1000,5,4,0.924764890282132,0.902140672782875,1,0.8
3,1000,5,5,0.924764890282132,0.902140672782875,1,0.8
3,1000,5,6,0.924764890282132,0.902140672782875,1,0.8
3,1000,5,7,1,1,1,1
3,1000,5,1,0.971830985915493,0.907894736842105,1,0.5
3,1000,5,2,0.971830985915493,0.907894736842105,1,0.666666666666667
3,1000,5,3,0.971830985915493,0.907894736842105,1,0.666666666666667
3,1000,5,4,0.971830985915493,0.907894736842105,1,0.666666666666667
3,1000,5,7,0.971830985915493,0.907894736842105,1,0.666666666666667
3,1000,5,1,1,1,1,0.5
3,1000,5,4,1,1,1,0.666666666666667
3,1000,5,5,1,1,1,0.666666666666667
3,1000,5,6,1,1,1,0.666666666666667
3,1000,5,7,1,1,1,0.666666666666667
3,1000,5,2,0.940217391304348,0.945355191256831,0.75,0.5
3,1000,5,3,0.940217391304348,0.945355191256831,0.75,0.5
3,1000,5,4,0.940217391304348,0.945355191256831,0.75,0.5
3,1000,5,5,0.940217391304348,0.945355191256831,0.75,0.5
3,1000,5,6,0.940217391304348,0.945355191256831,0.75,0.5
3,1000,5,7,0.940217391304348,0.945355191256831,0.75,0.5
3,1000,5,1,0.966751918158568,0.904306220095694,1,0.5
3,1000,5,2,0.966751918158568,0.904306220095694,1,0.666666666666667
3,1000,5,3,0.966751918158568,0.904306220095694,1,0.666666666666667
3,1000,5,4,0.966751918158568,0.904306220095694,1,0.666666666666667
3,1000,5,5,0.966751918158568,0.904306220095694,1,0.666666666666667
3,1000,5,6,0.966751918158568,0.904306220095694,1,0.666666666666667
3,1000,5,7,0.966751918158568,0.904306220095694,1,0.666666666666667
3,1000,5,1,0.958115183246073,0.915,1,0.428571428571429
3,1000,5,2,0.958115183246073,0.915,1,0.571428571428571
3,1000,5,3,0.958115183246073,0.915,1,0.571428571428571
3,1000,5,4,0.958115183246073,0.915,1,0.571428571428571
3,1000,5,5,0.958115183246073,0.915,1,0.571428571428571
3,1000,5,6,0.958115183246073,0.915,1,0.571428571428571
3,1000,5,1,1,1,1,0.5
3,1000,5,10,1,1,1,0.666666666666667
3,1000,5,4,1,1,1,0.666666666666667
3,1000,5,5,1,1,1,0.666666666666667
3,1000,5,6,1,1,1,0.666666666666667
3,1000,5,7,1,1,1,0.666666666666667
3,1000,5,2,0.945355191256831,0.927613941018767,1,0.571428571428571
3,1000,5,3,0.945355191256831,0.927613941018767,1,0.571428571428571
3,1000,5,4,0.945355191256831,0.927613941018767,1,0.571428571428571
3,1000,5,5,0.945355191256831,0.927613941018767,1,0.571428571428571
3,1000,5,6,0.945355191256831,0.927613941018767,1,0.571428571428571
3,1000,5,7,0.945355191256831,0.927613941018767,1,0.571428571428571
3,1000,5,1,1,0.528735632183908,0.666666666666667,0.4
3,1000,5,2,1,0.528735632183908,0.666666666666667,0.4
3,1000,5,3,0.92741935483871,0.881226053639847,0.75,0.6
3,1000,5,4,0.92741935483871,0.881226053639847,0.75,0.6
3,1000,5,5,0.92741935483871,0.881226053639847,0.75,0.6
3,1000,5,6,0.92741935483871,0.881226053639847,0.75,0.6
3,1000,5,7,0.92741935483871,0.881226053639847,0.75,0.6
3,1000,5,1,1,0.442048517520216,1,0.5
3,1000,5,2,0.878787878787879,0.78167115902965,1,0.666666666666667
3,1000,5,5,0.878787878787879,0.78167115902965,1,0.666666666666667
3,1000,5,6,0.878787878787879,0.78167115902965,1,0.666666666666667
3,1000,5,7,0.945086705202312,0.881401617250674,1,0.833333333333333
3,1000,5,2,1,1,1,0.8
3,1000,5,3,1,1,1,0.8
3,1000,5,4,1,1,1,0.8
3,1000,5,5,1,1,1,0.8
3,1000,5,1,1,0.373088685015291,1,0.5
3,1000,5,2,0.955696202531646,0.923547400611621,1,0.666666666666667
3,1000,5,3,0.955696202531646,0.923547400611621,1,0.666666666666667
3,1000,5,4,0.955696202531646,0.923547400611621,1,0.666666666666667
3,1000,5,5,0.955696202531646,0.923547400611621,1,0.666666666666667
3,1000,5,6,0.955696202531646,0.923547400611621,1,0.666666666666667
3,1000,5,7,0.955696202531646,0.923547400611621,1,0.666666666666667
3,1000,5,1,1,0.423887587822014,1,0.6
3,1000,5,2,0.906005221932115,0.812646370023419,0.75,0.6
3,1000,5,3,0.906005221932115,0.812646370023419,0.75,0.6
3,1000,5,4,0.906005221932115,0.812646370023419,0.75,0.6
3,1000,5,5,0.906005221932115,0.812646370023419,0.75,0.6
3,1000,5,6,0.958230958230958,0.913348946135831,0.8,0.8
3,1000,5,7,0.958230958230958,0.913348946135831,0.8,0.8
3,1000,5,1,1,1,1,0.5
3,1000,5,2,1,1,1,0.666666666666667
3,1000,5,3,1,1,1,0.666666666666667
3,1000,5,4,1,1,1,0.666666666666667
3,1000,5,5,1,1,1,0.666666666666667
3,1000,5,6,1,1,1,0.666666666666667
3,1000,5,7,1,1,1,0.666666666666667
3,1000,5,2,1,1,1,0.8
3,1000,5,3,1,1,1,0.8
3,1000,5,4,1,1,1,0.8
3,1000,5,5,1,1,1,0.8
3,1000,5,6,1,1,1,0.8
3,1000,5,7,1,1,1,0.8
3,1000,5,1,1,1,1,0.5
3,1000,5,2,1,1,1,0.666666666666667
3,1000,5,3,1,1,1,0.666666666666667
3,1000,5,6,1,1,1,0.666666666666667
3,1000,5,7,1,1,1,0.666666666666667
3,1000,5,1,1,0.514285714285714,1,0.6
3,1000,5,2,0.954545454545455,0.866666666666667,1,0.8
3,1000,5,3,0.954545454545455,0.866666666666667,1,0.8
3,1000,5,4,0.954545454545455,0.866666666666667,1,0.8
3,1000,5,5,0.954545454545455,0.866666666666667,1,0.8
3,1000,5,6,0.954545454545455,0.866666666666667,1,0.8
3,1000,5,7,1,1,1,1
3,1000,5,1,1,0.436314363143631,1,0.5
3,1000,5,2,1,0.859078590785908,1,0.666666666666667
3,1000,5,3,1,0.859078590785908,1,0.666666666666667
3,1000,5,4,1,1,0.8,0.666666666666667
3,1000,5,5,1,1,0.8,0.666666666666667
3,1000,5,1,1,0.433048433048433,1,0.5
3,1000,5,2,1,0.854700854700855,1,0.666666666666667
3,1000,5,3,0.877300613496933,0.814814814814815,1,0.666666666666667
3,1000,5,4,1,1,1,0.833333333333333
3,1000,5,5,1,1,1,0.833333333333333
3,1000,5,6,1,1,1,0.833333333333333
3,1000,5,7,1,1,1,0.833333333333333
3,1000,5,1,0.977832512315271,0.872527472527473,1,0.5
3,1000,5,2,0.977832512315271,0.872527472527473,0.75,0.5
3,1000,5,3,0.977832512315271,0.872527472527473,0.75,0.5
3,1000,5,6,0.977832512315271,0.872527472527473,0.75,0.5
3,1000,5,7,1,1,0.8,0.666666666666667
3,1000,5,1,1,1,1,0.6
3,1000,5,2,1,1,1,0.8
3,1000,5,3,1,1,1,0.8
3,1000,5,4,1,1,1,0.8
3,1000,5,5,1,1,1,0.8
3,1000,5,6,1,1,1,0.8
3,1000,5,7,1,1,1,0.8
3,1000,5,2,0.960591133004926,0.946601941747573,1,0.571428571428571
3,1000,5,3,0.960591133004926,0.946601941747573,1,0.571428571428571
3,1000,5,4,0.960591133004926,0.946601941747573,1,0.571428571428571
3,1000,5,5,0.960591133004926,0.946601941747573,1,0.571428571428571
3,1000,5,6,0.960591133004926,0.946601941747573,1,0.571428571428571
3,1000,5,7,0.960591133004926,0.946601941747573,1,0.571428571428571
3,1000,5,1,1,0.44213649851632,1,0.428571428571429
3,1000,5,2,1,1,1,0.571428571428571
3,1000,5,3,1,1,1,0.571428571428571
3,1000,5,4,1,1,1,0.571428571428571
3,1000,5,5,1,1,1,0.571428571428571
3,1000,5,2,1,1,1,0.666666666666667
3,1000,5,3,1,1,1,0.666666666666667
3,1000,5,4,1,1,1,0.666666666666667
3,1000,5,5,1,1,1,0.666666666666667
3,1000,5,6,1,1,1,0.666666666666667
3,1000,5,7,1,1,1,0.666666666666667
3,1000,5,1,1,0.626415094339623,1,0.6
3,1000,5,2,1,0.626415094339623,1,0.6
3,1000,5,3,1,0.626415094339623,1,0.6
3,1000,5,4,1,0.626415094339623,1,0.6
3,1000,5,5,1,0.626415094339623,1,0.6
3,1000,5,6,1,0.626415094339623,1,0.6
3,1000,5,7,1,0.626415094339623,1,0.6
3,1000,5,1,1,0.501567398119122,1,0.6
3,1000,5,2,0.939597315436242,0.877742946708464,1,0.8
3,1000,5,3,0.939597315436242,0.877742946708464,1,0.8
3,1000,5,4,0.939597315436242,0.877742946708464,1,0.8
3,1000,5,5,0.939597315436242,0.877742946708464,1,0.8
3,1000,5,6,0.939597315436242,0.877742946708464,1,0.8
3,1000,5,7,0.939597315436242,0.877742946708464,1,0.8
3,1000,5,1,1,1,1,0.5
3,1000,5,2,1,1,0.75,0.5
3,1000,5,3,1,1,0.75,0.5
3,1000,5,4,1,1,0.75,0.5
3,1000,5,5,1,1,0.75,0.5
3,1000,5,6,1,1,0.75,0.5
3,1000,5,7,1,1,0.75,0.5
3,1000,5,1,0.963824289405685,0.939546599496222,1,0.428571428571429
3,1000,5,2,0.963824289405685,0.939546599496222,1,0.571428571428571
3,1000,5,3,0.963824289405685,0.939546599496222,1,0.571428571428571
3,1000,5,4,0.963824289405685,0.939546599496222,1,0.571428571428571
3,1000,5,5,0.963824289405685,0.939546599496222,1,0.571428571428571
3,1000,5,6,0.963824289405685,0.939546599496222,1,0.571428571428571
3,1000,5,7,0.963824289405685,0.939546599496222,1,0.571428571428571
3,1000,5,3,0.985330073349633,0.922196796338673,1,0.666666666666667
3,1000,5,4,0.985330073349633,0.922196796338673,1,0.666666666666667
3,1000,5,5,0.985330073349633,0.922196796338673,1,0.666666666666667
3,1000,5,6,0.985330073349633,0.922196796338673,1,0.666666666666667
3,1000,5,7,0.985330073349633,0.922196796338673,1,0.666666666666667
3,1000,5,1,0.959899749373434,0.914081145584726,1,0.5
3,1000,5,2,0.959899749373434,0.914081145584726,1,0.666666666666667
3,1000,5,3,0.959899749373434,0.914081145584726,1,0.666666666666667
3,1000,5,4,0.959899749373434,0.914081145584726,1,0.666666666666667
3,1000,5,5,0.959899749373434,0.914081145584726,1,0.666666666666667
3,1000,5,6,0.959899749373434,0.914081145584726,1,0.666666666666667
3,1000,5,7,0.959899749373434,0.914081145584726,1,0.666666666666667
3,1000,5,1,1,0.428223844282238,1,0.5
3,1000,5,2,0.897297297297297,0.807785888077859,1,0.666666666666667
3,1000,5,3,0.897297297297297,0.807785888077859,1,0.666666666666667
3,1000,5,4,0.897297297297297,0.807785888077859,1,0.666666666666667
3,1000,5,5,0.897297297297297,0.807785888077859,1,0.666666666666667
3,1000,5,6,0.897297297297297,0.807785888077859,1,0.666666666666667
3,1000,5,7,1,1,1,1
3,1000,5,1,1,0.379220779220779,1,0.5
3,1000,5,2,0.953551912568306,0.906493506493506,0.75,0.5
3,1000,5,3,0.953551912568306,0.906493506493506,0.75,0.5
3,1000,5,4,0.953551912568306,0.906493506493506,0.75,0.5
3,1000,5,5,0.953551912568306,0.906493506493506,0.75,0.5
3,1000,5,6,0.953551912568306,0.906493506493506,0.75,0.5
3,1000,5,7,0.953551912568306,0.906493506493506,0.75,0.5
3,1000,5,1,0.964788732394366,0.931972789115646,1,0.428571428571429
3,1000,5,2,0.964788732394366,0.931972789115646,1,0.571428571428571
3,1000,5,3,0.964788732394366,0.931972789115646,1,0.571428571428571
3,1000,5,4,0.964788732394366,0.931972789115646,1,0.571428571428571
3,1000,5,5,0.964788732394366,0.931972789115646,1,0.571428571428571
3,1000,5,7,0.964788732394366,0.931972789115646,1,0.571428571428571
3,1000,5,1,1,1,1,0.428571428571429
3,1000,5,2,1,1,1,0.571428571428571
3,1000,5,3,1,1,1,0.571428571428571
3,1000,5,4,1,1,1,0.571428571428571
3,1000,5,5,1,1,1,0.571428571428571
3,1000,5,6,1,1,1,0.571428571428571
3,1000,5,7,1,1,1,0.571428571428571
3,1000,5,1,1,0.425133689839572,1,0.5
3,1000,5,2,0.888252148997135,0.828877005347594,0.75,0.5
3,1000,5,3,0.888252148997135,0.828877005347594,0.75,0.5
3,1000,5,4,0.888252148997135,0.828877005347594,0.75,0.5
3,1000,5,5,0.888252148997135,0.828877005347594,0.75,0.5
3,1000,5,6,0.888252148997135,0.828877005347594,0.75,0.5
3,1000,5,7,0.888252148997135,0.828877005347594,0.75,0.5
3,1000,5,1,1,0.430678466076696,1,0.5
3,1000,5,2,0.894736842105263,0.8023598820059,1,0.666666666666667
3,1000,5,4,0.894736842105263,0.8023598820059,1,0.666666666666667
3,1000,5,5,0.894736842105263,0.8023598820059,1,0.666666666666667
3,1000,5,6,0.894736842105263,0.8023598820059,1,0.666666666666667
3,1000,5,7,0.894736842105263,0.8023598820059,1,0.666666666666667
3,1000,5,1,1,1,1,0.428571428571429
3,1000,5,2,1,1,1,0.571428571428571
3,1000,5,3,1,1,1,0.571428571428571
3,1000,5,4,1,1,1,0.571428571428571
3,1000,5,5,1,1,1,0.571428571428571
3,1000,5,6,1,1,1,0.571428571428571
3,1000,5,7,1,1,1,0.571428571428571
3,1000,5,1,1,0.417956656346749,1,0.6
3,1000,5,2,0.931899641577061,0.804953560371517,0.75,0.6
3,1000,5,3,0.931899641577061,0.804953560371517,0.75,0.6
3,1000,5,4,0.931899641577061,0.804953560371517,0.75,0.6
3,1000,5,5,0.931899641577061,0.804953560371517,0.75,0.6
3,1000,5,6,0.931899641577061,0.804953560371517,0.75,0.6
3,1000,5,7,0.931899641577061,0.804953560371517,0.75,0.6
3,1000,5,1,1,1,1,0.5
3,1000,5,2,1,1,1,0.666666666666667
3,1000,5,3,1,1,1,0.666666666666667
3,1000,5,4,1,1,1,0.666666666666667
3,1000,5,5,1,1,1,0.666666666666667
3,1000,5,6,1,1,1,0.666666666666667
3,1000,5,2,1,0.5,1,0.6
3,1000,5,3,0.93040293040293,0.863945578231292,0.75,0.6
3,1000,5,4,0.93040293040293,0.863945578231292,0.75,0.6
3,1000,5,5,0.93040293040293,0.863945578231292,0.75,0.6
3,1000,5,6,0.93040293040293,0.863945578231292,0.75,0.6
3,1000,5,7,0.93040293040293,0.863945578231292,0.75,0.6
3,1000,5,1,1,1,1,0.5
3,1000,5,2,1,1,1,0.666666666666667
3,1000,5,3,1,1,1,0.666666666666667
3,1000,5,4,1,1,1,0.666666666666667
3,1000,5,5,1,1,1,0.666666666666667
3,1000,5,6,1,1,1,0.666666666666667
3,1000,5,7,1,1,1,0.666666666666667
3,1000,5,1,1,1,1,0.428571428571429
3,1000,5,2,1,1,1,0.571428571428571
3,1000,5,3,1,1,1,0.571428571428571
3,1000,5,4,1,1,1,0.571428571428571
3,1000,5,7,1,1,1,0.571428571428571
3,1000,5,1,1,0.426966292134831,1,0.5
3,1000,5,2,0.892638036809816,0.817415730337079,0.75,0.5
3,1000,5,3,0.892638036809816,0.817415730337079,0.75,0.5
3,1000,5,4,1,1,0.8,0.666666666666667
3,1000,5,7,1,1,0.8,0.666666666666667
3,1000,5,1,0.946261682242991,0.933179723502304,1,0.428571428571429
3,1000,5,4,0.946261682242991,0.933179723502304,1,0.571428571428571
3,1000,5,5,0.946261682242991,0.933179723502304,1,0.571428571428571
3,1000,5,6,0.946261682242991,0.933179723502304,1,0.571428571428571
3,1000,5,7,0.946261682242991,0.933179723502304,1,0.571428571428571
3,1000,5,1,1,0.508305647840532,1,0.5
3,1000,5,2,0.960573476702509,0.890365448504983,0.75,0.5
3,1000,5,5,0.960573476702509,0.890365448504983,0.75,0.5
3,1000,5,6,0.960573476702509,0.890365448504983,0.75,0.5
3,1000,5,7,0.960573476702509,0.890365448504983,0.75,0.5
5,1000,1,1,1,1,1,1
5,1000,1,2,1,1,1,1
5,1000,1,1,1,1,1,1
5,1000,1,2,1,1,1,1
5,1000,1,5,1,1,0.833333333333333,1
5,1000,1,7,1,1,0.833333333333333,1
5,1000,1,1,1,1,1,1
5,1000,1,2,1,1,0.5,1
5,1000,1,3,1,1,0.428571428571429,1
5,1000,1,4,1,1,0.428571428571429,1
5,1000,1,5,1,1,0.428571428571429,1
5,1000,1,6,1,1,0.5,1
5,1000,1,7,1,1,0.428571428571429,1
5,1000,1,8,1,1,0.5,1
5,1000,1,5,0.999203187250996,1,1,1
5,1000,1,1,1,1,1,1
5,1000,1,2,1,1,1,1
5,1000,1,5,1,1,0.714285714285714,1
5,1000,1,1,1,1,1,1
5,1000,1,2,1,1,1,1
5,1000,1,10,1,1,1,1
5,1000,1,2,1,1,1,1
5,1000,1,1,1,1,1,1
5,1000,1,2,1,1,1,1
5,1000,1,1,1,1,1,1
5,1000,1,2,1,1,1,1
5,1000,1,1,1,1,1,1
5,1000,1,2,1,1,1,1
5,1000,1,10,1,1,1,1
5,1000,1,6,1,1,1,1
5,1000,1,7,1,1,1,1
5,1000,1,8,1,1,0.833333333333333,1
5,1000,1,9,1,1,1,1
5,1000,1,1,1,1,0.8,1
5,1000,1,2,1,1,0.8,1
5,1000,1,1,1,1,1,1
5,1000,1,2,1,1,1,1
5,1000,1,1,1,1,1,1
5,1000,1,2,1,1,1,1
5,1000,1,3,1,1,1,1
5,1000,1,4,1,1,1,1
5,1000,1,5,1,1,1,1
5,1000,1,1,1,1,1,1
5,1000,1,10,1,1,0.571428571428571,1
5,1000,1,6,1,1,0.571428571428571,1
5,1000,1,7,1,1,0.571428571428571,1
5,1000,1,8,1,1,0.571428571428571,1
5,1000,1,9,1,1,0.571428571428571,1
5,1000,1,1,1,1,1,1
5,1000,1,2,1,1,1,1
5,1000,1,4,1,1,0.833333333333333,1
5,1000,1,1,1,1,0.666666666666667,1
5,1000,1,10,1,1,0.666666666666667,1
5,1000,1,2,1,1,0.666666666666667,1
5,1000,1,3,1,1,0.5,1
5,1000,1,4,1,1,0.5,1
5,1000,1,5,1,1,0.666666666666667,1
5,1000,1,6,1,1,0.666666666666667,1
5,1000,1,1,1,1,1,1
5,1000,1,2,1,1,1,1
5,1000,1,1,1,1,0.8,1
5,1000,1,2,1,1,0.8,1
5,1000,1,1,1,1,0.666666666666667,1
5,1000,1,2,1,1,0.666666666666667,1
5,1000,1,1,1,1,1,1
5,1000,1,2,1,1,1,1
5,1000,1,1,1,1,1,1
5,1000,1,2,1,1,0.833333333333333,1
5,1000,1,1,1,1,1,1
5,1000,1,2,1,1,1,1
5,1000,1,2,1,1,1,1
5,1000,1,3,1,1,1,1
5,1000,1,4,1,1,1,1
5,1000,1,5,1,1,1,1
5,1000,1,1,1,1,1,1
5,1000,1,2,1,1,0.8,1
5,1000,1,1,1,1,1,1
5,1000,1,2,1,1,1,1
5,1000,1,1,1,1,1,1
5,1000,1,2,1,1,1,1
5,1000,1,5,1,1,0.833333333333333,1
5,1000,1,6,1,1,0.833333333333333,1
5,1000,1,8,1,1,1,1
5,1000,1,1,1,1,0.75,1
5,1000,1,10,1,1,1,1
5,1000,1,6,1,1,1,1
5,1000,1,1,1,1,1,1
5,1000,1,2,1,1,0.8,1
5,1000,1,3,1,1,0.666666666666667,1
5,1000,1,4,1,1,0.571428571428571,1
5,1000,1,5,1,1,0.571428571428571,1
5,1000,1,6,1,1,0.571428571428571,1
5,1000,1,7,1,1,0.571428571428571,1
5,1000,1,8,1,1,0.571428571428571,1
5,1000,1,7,1,1,1,1
5,1000,1,8,1,1,1,1
5,1000,1,9,1,1,0.833333333333333,1
5,1000,1,1,1,1,1,1
5,1000,1,2,1,1,1,1
5,1000,1,4,1,1,1,1
5,1000,1,1,1,1,1,1
5,1000,1,2,1,1,1,1
5,1000,1,1,1,1,1,1
5,1000,1,10,1,1,1,1
5,1000,1,2,1,1,1,1
5,1000,1,3,1,1,1,1
5,1000,1,4,1,1,1,1
5,1000,1,5,1,1,1,1
5,1000,1,6,1,1,1,1
5,1000,1,7,1,1,1,1
5,1000,1,9,1,1,1,1
5,1000,1,5,1,1,0.833333333333333,1
5,1000,1,1,1,1,1,1
5,1000,1,2,1,1,1,1
5,1000,1,8,1,1,0.625,1
5,1000,1,9,1,1,0.833333333333333,1
5,1000,2,1,0.963685272360457,0.952159468438538,0.8,0.571428571428571
5,1000,2,2,1,1,0.714285714285714,0.714285714285714
5,1000,2,1,0.970397111913357,0.968299711815562,0.6,0.5
5,1000,2,2,1,1,0.5,0.666666666666667
5,1000,2,2,1,1,0.333333333333333,0.333333333333333
5,1000,2,1,1,0.918757467144564,0.8,0.5
5,1000,2,2,1,1,0.875,0.875
5,1000,2,1,1,1,0.75,0.5
5,1000,2,2,1,1,0.833333333333333,0.833333333333333
5,1000,2,1,0.898659966499162,0.965796579657966,0.4,0.222222222222222
5,1000,2,2,1,1,0.555555555555556,0.555555555555556
5,1000,2,1,0.938106796116505,0.819724284199364,0.6,0.333333333333333
5,1000,2,2,1,1,0.777777777777778,0.777777777777778
5,1000,2,1,1,1,1,0.625
5,1000,2,2,1,1,0.875,0.875
5,1000,2,1,1,0.934018851756641,1,0.555555555555556
5,1000,2,2,1,1,0.75,0.666666666666667
5,1000,2,1,1,1,0.8,0.571428571428571
5,1000,2,2,1,1,0.714285714285714,0.714285714285714
5,1000,2,1,0.947075208913649,0.971428571428571,0.8,0.571428571428571
5,1000,2,2,1,1,0.75,0.857142857142857
5,1000,2,1,1,0.824773413897281,0.8,0.444444444444444
5,1000,2,2,1,1,0.777777777777778,0.777777777777778
5,1000,2,1,1,0.935691318327974,0.8,0.5
5,1000,2,2,1,1,0.75,0.75
5,1000,2,1,0.954981992797119,0.998117942283563,0.6,0.428571428571429
5,1000,2,2,1,1,0.625,0.714285714285714
5,1000,2,1,0.974496644295302,0.933161953727506,1,0.625
5,1000,2,2,1,1,0.875,0.875
5,1000,2,1,1,0.834140435835351,0.8,0.444444444444444
5,1000,2,2,1,0.934624697336562,0.857142857142857,0.666666666666667
5,1000,2,1,0.955717118307997,0.950065703022339,0.6,0.3
5,1000,2,2,1,1,0.555555555555556,0.5
5,1000,2,3,1,1,0.555555555555556,0.5
5,1000,2,4,1,1,0.555555555555556,0.5
5,1000,2,1,1,1,1,0.714285714285714
5,1000,2,2,1,1,0.857142857142857,0.857142857142857
5,1000,2,1,1,1,1,0.625
5,1000,2,2,1,1,0.714285714285714,0.625
5,1000,2,3,1,1,0.714285714285714,0.625
5,1000,2,1,1,1,1,0.714285714285714
5,1000,2,2,1,1,0.857142857142857,0.857142857142857
5,1000,2,1,0.938762626262626,0.953205128205128,0.6,0.375
5,1000,2,2,1,1,0.666666666666667,0.75
5,1000,2,1,0.905417814508724,0.933712121212121,0.8,0.444444444444444
5,1000,2,2,1,1,0.666666666666667,0.666666666666667
5,1000,2,1,0.998021760633037,0.87510841283608,0.8,0.444444444444444
5,1000,2,2,1,1,0.777777777777778,0.777777777777778
5,1000,2,2,1,1,0.571428571428571,0.571428571428571
5,1000,2,1,0.963636363636364,0.938606847697757,0.6,0.428571428571429
5,1000,2,2,1,1,0.625,0.714285714285714
5,1000,2,1,0.998579545454545,0.953867028493894,0.6,0.375
5,1000,2,2,1,1,0.625,0.625
5,1000,2,1,1,0.944289693593315,0.75,0.5
5,1000,2,2,1,1,0.571428571428571,0.666666666666667
5,1000,2,1,0.958823529411765,1,0.5,0.333333333333333
5,1000,2,2,1,1,0.571428571428571,0.666666666666667
5,1000,2,1,0.971217712177122,0.972653362897265,0.6,0.333333333333333
5,1000,2,2,1,1,0.5,0.444444444444444
5,1000,2,1,1,0.958481613285884,0.75,0.5
5,1000,2,1,0.946252838758516,0.927299703264095,0.6,0.428571428571429
5,1000,2,2,1,1,0.666666666666667,0.857142857142857
5,1000,2,2,1,1,0.555555555555556,0.555555555555556
5,1000,2,6,1,1,0.555555555555556,0.555555555555556
5,1000,2,1,1,0.846309403437816,0.8,0.571428571428571
5,1000,2,4,1,1,0.75,0.857142857142857
5,1000,2,1,1,0.937593984962406,0.8,0.571428571428571
5,1000,2,2,1,1,0.75,0.857142857142857
5,1000,2,1,1,0.939792387543253,0.8,0.444444444444444
5,1000,2,2,1,1,0.75,0.666666666666667
5,1000,2,1,1,1,0.6,0.428571428571429
5,1000,2,2,1,1,0.428571428571429,0.428571428571429
5,1000,2,1,0.974619289340102,0.972151898734177,0.4,0.25
5,1000,2,2,1,1,0.25,0.25
5,1000,2,1,1,0.937853107344633,1,0.555555555555556
5,1000,2,2,1,1,0.875,0.777777777777778
5,1000,2,1,1,1,0.8,0.666666666666667
5,1000,2,2,1,1,0.714285714285714,0.833333333333333
5,1000,2,2,1,1,0.888888888888889,0.8
5,1000,2,1,0.969749351771824,0.982486865148862,1,0.625
5,1000,2,2,1,1,0.888888888888889,1
5,1000,2,1,1,1,0.6,0.5
5,1000,2,2,1,1,0.571428571428571,0.666666666666667
5,1000,2,3,1,1,0.571428571428571,0.666666666666667
5,1000,2,4,1,1,0.571428571428571,0.666666666666667
5,1000,2,1,0.954873646209386,0.829153605015674,1,0.625
5,1000,2,2,1,1,1,1
5,1000,2,1,1,1,0.8,0.444444444444444
5,1000,2,2,1,1,0.75,0.666666666666667
5,1000,2,3,1,1,0.75,0.666666666666667
5,1000,2,4,1,1,0.75,0.666666666666667
5,1000,2,1,1,1,1,0.714285714285714
5,1000,2,2,1,1,1,1
5,1000,2,1,1,0.791842475386779,0.8,0.5
5,1000,2,2,1,1,0.75,0.75
5,1000,2,1,0.997037037037037,0.894946808510638,1,0.625
5,1000,2,2,1,1,1,1
5,1000,3,1,1,0.946840521564694,1,0.454545454545455
5,1000,3,2,1,1,1,0.727272727272727
5,1000,3,1,0.947826086956522,0.991911021233569,0.8,0.333333333333333
5,1000,3,2,1,1,0.875,0.583333333333333
5,1000,3,3,1,1,0.875,0.583333333333333
5,1000,3,4,1,1,0.875,0.583333333333333
5,1000,3,1,0.95742832319722,0.997285067873303,0.8,0.5
5,1000,3,2,1,1,0.75,0.75
5,1000,3,3,1,1,0.75,0.75
5,1000,3,4,1,1,0.75,0.75
5,1000,3,1,0.952817824377457,0.900867410161091,1,0.454545454545455
5,1000,3,2,1,1,0.875,0.636363636363636
5,1000,3,3,1,1,0.875,0.636363636363636
5,1000,3,4,1,1,0.875,0.636363636363636
5,1000,3,1,0.908474576271186,0.893333333333333,0.6,0.375
5,1000,3,2,1,1,0.571428571428571,0.5
5,1000,3,3,1,1,0.5,0.5
5,1000,3,4,1,1,0.5,0.5
5,1000,3,3,1,1,0.888888888888889,0.888888888888889
5,1000,3,4,1,1,0.888888888888889,0.888888888888889
5,1000,3,1,1,1,0.6,0.428571428571429
5,1000,3,2,1,1,0.5,0.428571428571429
5,1000,3,1,0.944645006016847,0.91812865497076,1,0.5
5,1000,3,2,0.997477931904161,0.925146198830409,1,0.8
5,1000,3,1,0.930823117338003,0.94321206743567,0.4,0.285714285714286
5,1000,3,2,0.978723404255319,0.979591836734694,0.571428571428571,0.571428571428571
5,1000,3,3,1,1,0.5,0.571428571428571
5,1000,3,4,1,1,0.5,0.571428571428571
5,1000,3,1,0.922413793103448,0.937773882559159,1,0.555555555555556
5,1000,3,2,1,1,0.875,0.777777777777778
5,1000,3,3,1,1,0.875,0.777777777777778
5,1000,3,4,1,1,0.875,0.777777777777778
5,1000,3,1,0.916149068322981,0.788770053475936,1,0.454545454545455
5,1000,3,2,0.987860394537178,0.870320855614973,0.875,0.636363636363636
5,1000,3,1,0.895604395604396,0.851174934725849,0.8,0.363636363636364
5,1000,3,2,0.997245179063361,0.945169712793734,0.714285714285714,0.454545454545455
5,1000,3,3,0.997245179063361,0.945169712793734,0.625,0.454545454545455
5,1000,3,4,0.997245179063361,0.945169712793734,0.625,0.454545454545455
5,1000,3,1,1,0.94838145231846,0.8,0.444444444444444
5,1000,3,2,1,1,0.857142857142857,0.666666666666667
5,1000,3,3,1,1,0.857142857142857,0.666666666666667
5,1000,3,4,1,1,0.857142857142857,0.666666666666667
5,1000,3,1,1,0.949152542372881,0.8,0.571428571428571
5,1000,3,2,1,1,0.857142857142857,0.857142857142857
5,1000,3,1,0.965174129353234,0.768824306472919,0.4,0.222222222222222
5,1000,3,2,0.97196261682243,0.961690885072655,0.555555555555556,0.555555555555556
5,1000,3,1,0.950540958268934,0.780456852791878,1,0.416666666666667
5,1000,3,2,0.951612903225806,0.973350253807107,1,0.666666666666667
5,1000,3,1,0.911823647294589,0.943983402489627,0.8,0.363636363636364
5,1000,3,2,1,1,0.875,0.636363636363636
5,1000,3,1,0.926453143534994,0.916666666666667,1,0.454545454545455
5,1000,3,2,0.977514792899408,0.969483568075117,0.857142857142857,0.545454545454545
5,1000,3,1,0.895640686922061,0.854981084489281,0.8,0.363636363636364
5,1000,3,2,0.987711213517665,0.810844892812106,0.714285714285714,0.454545454545455
5,1000,3,1,0.947674418604651,0.779904306220096,0.8,0.444444444444444
5,1000,3,1,0.890123456790124,0.931524547803618,0.8,0.4
5,1000,3,2,1,1,0.75,0.6
5,1000,3,1,0.951388888888889,0.871501272264631,1,0.416666666666667
5,1000,3,2,0.953947368421053,0.922391857506361,0.857142857142857,0.5
5,1000,3,1,0.975746268656716,0.925663716814159,1,0.416666666666667
5,1000,3,2,1,1,0.714285714285714,0.416666666666667
5,1000,3,1,1,1,0.6,0.25
5,1000,3,2,1,1,0.428571428571429,0.25
5,1000,3,1,0.959876543209877,0.937688442211055,0.8,0.4
5,1000,3,2,0.952793834296724,0.993969849246231,0.75,0.6
5,1000,3,1,0.942,0.744075829383886,1,0.555555555555556
5,1000,3,2,1,1,0.875,0.777777777777778
5,1000,3,1,1,0.956,0.8,0.4
5,1000,3,2,1,1,0.714285714285714,0.5
5,1000,3,1,1,0.944812362030905,1,0.625
5,1000,3,2,1,1,0.875,0.875
5,1000,3,2,1,1,0.875,0.466666666666667
5,1000,3,1,1,1,0.6,0.5
5,1000,3,1,1,1,0.6,0.3
5,1000,3,2,1,1,0.5,0.3
5,1000,3,1,0.963105303612606,0.997611464968153,0.6,0.333333333333333
5,1000,3,2,1,1,0.571428571428571,0.444444444444444
5,1000,3,1,0.926650366748166,0.776639344262295,0.8,0.444444444444444
5,1000,3,2,0.951515151515152,0.965163934426229,0.857142857142857,0.666666666666667
5,1000,3,1,0.954695222405272,0.997418244406196,0.8,0.444444444444444
5,1000,3,2,1,1,0.875,0.777777777777778
5,1000,3,1,0.990575916230366,0.89753320683112,1,0.416666666666667
5,1000,3,2,0.949367088607595,0.996204933586338,0.875,0.583333333333333
5,1000,3,1,1,1,0.8,0.333333333333333
5,1000,3,2,1,1,0.714285714285714,0.416666666666667
5,1000,3,1,0.952723535457348,0.933534743202417,0.8,0.4
5,1000,3,2,0.98155737704918,0.964753272910373,0.625,0.5
5,1000,3,1,1,1,0.6,0.3
5,1000,3,2,1,1,0.428571428571429,0.3
5,1000,3,1,1,0.798140770252324,1,0.5
5,1000,3,2,1,1,0.875,0.7
5,1000,3,2,0.97622027534418,0.962962962962963,0.875,0.636363636363636
5,1000,3,3,1,1,0.888888888888889,0.727272727272727
5,1000,3,4,1,1,0.888888888888889,0.727272727272727
5,1000,3,1,1,0.899795501022495,1,0.625
5,1000,3,2,1,1,0.857142857142857,0.75
5,1000,3,1,0.912621359223301,0.818577648766328,0.8,0.363636363636364
5,1000,3,2,0.971641791044776,0.944847605224964,0.75,0.545454545454545
5,1000,3,1,1,0.946086956521739,1,0.454545454545455
5,1000,3,2,1,1,1,0.636363636363636
5,1000,3,1,1,1,0.4,0.25
5,1000,3,2,1,1,0.5,0.375
5,1000,3,1,0.995876288659794,0.897769516728624,0.8,0.4
5,1000,3,2,0.996101364522417,0.949814126394052,0.714285714285714,0.5
5,1000,3,1,0.916837782340862,0.87037037037037,1,0.384615384615385
5,1000,3,2,0.964995269631031,0.994152046783626,0.666666666666667,0.461538461538462
5,1000,3,1,0.950131233595801,0.808035714285714,0.8,0.4
5,1000,3,2,0.979545454545454,0.962053571428571,0.857142857142857,0.6
5,1000,4,1,0.933179723502304,0.945157526254376,0.8,0.333333333333333
5,1000,4,2,0.963677639046538,0.990665110851809,0.857142857142857,0.5
5,1000,4,1,1,0.889200561009818,1,0.416666666666667
5,1000,4,1,1,1,0.6,0.25
5,1000,4,2,1,1,0.666666666666667,0.333333333333333
5,1000,4,1,0.914008321775312,0.919107391910739,1,0.384615384615385
5,1000,4,2,0.972260748959778,0.97768479776848,1,0.538461538461538
5,1000,4,1,0.967339097022094,0.997029702970297,0.6,0.333333333333333
5,1000,4,2,0.967339097022094,0.997029702970297,0.666666666666667,0.444444444444444
5,1000,4,1,0.955932203389831,1,0.8,0.333333333333333
5,1000,4,2,1,1,0.857142857142857,0.5
5,1000,4,1,0.886150234741784,0.932098765432099,0.8,0.333333333333333
5,1000,4,2,0.983830845771144,0.976543209876543,0.875,0.583333333333333
5,1000,4,1,1,0.957317073170732,0.8,0.307692307692308
5,1000,4,2,1,0.957317073170732,0.833333333333333,0.384615384615385
5,1000,4,1,1,0.907216494845361,0.8,0.333333333333333
5,1000,4,2,1,1,0.857142857142857,0.5
5,1000,4,1,0.956043956043956,0.945652173913043,1,0.416666666666667
5,1000,4,2,0.956043956043956,0.945652173913043,1,0.5
5,1000,4,1,0.908096280087527,0.647425897035881,0.6,0.25
5,1000,4,2,0.9184,0.895475819032761,0.625,0.416666666666667
5,1000,4,1,0.927835051546392,1,0.8,0.25
5,1000,4,2,0.928571428571429,0.996666666666667,0.833333333333333,0.3125
5,1000,4,1,0.895306859205776,0.80650406504065,1,0.416666666666667
5,1000,4,2,0.926421404682274,0.900813008130081,1,0.583333333333333
5,1000,4,1,0.9648033126294,0.996791443850267,0.8,0.4
5,1000,4,2,0.9648033126294,0.996791443850267,0.666666666666667,0.4
5,1000,4,1,1,1,0.6,0.25
5,1000,4,2,1,1,0.666666666666667,0.333333333333333
5,1000,4,1,0.953105196451204,1,0.8,0.363636363636364
5,1000,4,2,1,1,0.857142857142857,0.545454545454545
5,1000,4,1,0.914444444444444,0.942726231386025,1,0.357142857142857
5,1000,4,2,1,1,1,0.571428571428571
5,1000,4,1,1,0.886393659180978,1,0.384615384615385
5,1000,4,2,1,0.886393659180978,0.833333333333333,0.384615384615385
5,1000,4,1,0.943741209563994,0.900671140939597,1,0.5
5,1000,4,2,1,0.96241610738255,1,0.7
5,1000,4,1,1,1,1,0.416666666666667
5,1000,4,2,1,1,1,0.5
5,1000,4,1,0.970198675496689,0.954397394136808,1,0.416666666666667
5,1000,4,2,0.97972972972973,0.944625407166124,1,0.5
5,1000,4,1,0.957729468599034,1,1,0.416666666666667
5,1000,4,2,1,1,0.714285714285714,0.416666666666667
5,1000,4,1,0.925790754257908,0.945341614906832,0.8,0.363636363636364
5,1000,4,2,0.958333333333333,1,0.714285714285714,0.454545454545455
5,1000,4,1,0.924889543446245,0.867403314917127,1,0.357142857142857
5,1000,4,2,0.954230235783634,0.950276243093923,1,0.5
5,1000,4,1,0.854385964912281,0.773015873015873,0.8,0.363636363636364
5,1000,4,2,0.977624784853701,0.901587301587302,0.75,0.545454545454545
5,1000,4,1,0.90652557319224,0.769461077844311,0.8,0.307692307692308
5,1000,4,2,0.960583941605839,0.985029940119761,0.875,0.538461538461538
5,1000,4,1,0.909975669099757,0.699065420560748,0.8,0.307692307692308
5,1000,4,2,0.883677298311445,0.880373831775701,0.857142857142857,0.461538461538462
5,1000,4,1,0.979259259259259,0.953823953823954,0.8,0.307692307692308
5,1000,4,2,0.979259259259259,0.953823953823954,0.857142857142857,0.461538461538462
5,1000,4,1,1,1,0.6,0.272727272727273
5,1000,4,2,1,1,0.666666666666667,0.363636363636364
5,1000,4,1,0.917139614074915,0.996300863131936,0.8,0.363636363636364
5,1000,4,2,0.962040332147094,1,0.714285714285714,0.454545454545455
5,1000,4,1,0.955135773317591,0.996305418719212,0.8,0.285714285714286
5,1000,4,2,1,1,0.857142857142857,0.428571428571429
5,1000,4,1,0.920382165605096,0.799446749654219,1,0.384615384615385
5,1000,4,2,0.984149855907781,0.944674965421853,1,0.615384615384615
5,1000,4,1,1,1,1,0.454545454545455
5,1000,4,2,1,1,1,0.545454545454545
5,1000,4,1,0.971282051282051,0.949849548645938,0.8,0.444444444444444
5,1000,4,2,1,1,0.857142857142857,0.666666666666667
5,1000,4,1,0.913308913308913,0.921182266009852,0.6,0.272727272727273
5,1000,4,2,0.918296892980437,0.982758620689655,0.571428571428571,0.363636363636364
5,1000,4,1,0.852672750977836,0.888586956521739,0.8,0.307692307692308
5,1000,4,2,0.983870967741935,0.911684782608696,0.875,0.538461538461538
5,1000,4,1,0.933962264150943,0.777080062794348,0.8,0.333333333333333
5,1000,4,2,0.968701095461659,0.971742543171115,0.875,0.583333333333333
5,1000,4,1,1,0.953020134228188,0.8,0.307692307692308
5,1000,4,2,1,0.953020134228188,0.833333333333333,0.384615384615385
5,1000,4,1,0.883280757097792,0.99644128113879,1,0.333333333333333
5,1000,4,2,0.957954545454546,1,1,0.466666666666667
5,1000,4,1,0.950574712643678,0.946224256292906,1,0.416666666666667
5,1000,4,2,0.992840095465394,0.951945080091533,1,0.583333333333333
5,1000,4,1,0.931895573212259,0.996359223300971,1,0.357142857142857
5,1000,4,2,1,1,1,0.5
5,1000,4,3,1,1,1,0.5
5,1000,4,4,1,1,1,0.5
5,1000,4,1,0.881806108897742,0.919667590027701,0.6,0.214285714285714
5,1000,4,2,1,1,0.75,0.428571428571429
5,1000,4,3,1,1,0.75,0.428571428571429
5,1000,4,4,1,1,0.75,0.428571428571429
5,1000,4,1,0.919395465994962,0.938303341902314,0.6,0.272727272727273
5,1000,4,1,0.893667861409797,0.907766990291262,0.6,0.214285714285714
5,1000,4,2,0.947805456702254,0.969660194174757,0.714285714285714,0.357142857142857
5,1000,4,1,0.921820303383897,0.925058548009368,1,0.357142857142857
5,1000,4,2,0.962795941375423,1,0.857142857142857,0.428571428571429
5,1000,4,1,1,1,0.8,0.307692307692308
5,1000,4,2,1,1,0.833333333333333,0.384615384615385
5,1000,4,3,1,1,0.833333333333333,0.384615384615385
5,1000,4,4,1,1,0.833333333333333,0.384615384615385
5,1000,4,1,0.919089759797724,0.944155844155844,1,0.384615384615385
5,1000,4,2,0.960907944514502,0.98961038961039,0.857142857142857,0.461538461538462
5,1000,4,1,1,1,0.8,0.571428571428571
5,1000,4,2,1,1,0.833333333333333,0.714285714285714
5,1000,4,1,0.965217391304348,0.926931106471816,0.6,0.25
5,1000,4,2,1,1,0.571428571428571,0.333333333333333
5,1000,4,1,0.897039897039897,0.940620782726046,0.8,0.333333333333333
5,1000,4,2,0.931210191082803,0.986504723346829,0.857142857142857,0.5
5,1000,5,1,1,1,1,0.357142857142857
5,1000,5,2,1,1,1,0.428571428571429
5,1000,5,3,1,1,1,0.428571428571429
5,1000,5,4,1,1,1,0.428571428571429
5,1000,5,1,1,1,0.6,0.333333333333333
5,1000,5,2,1,1,0.666666666666667,0.444444444444444
5,1000,5,3,1,1,0.666666666666667,0.444444444444444
5,1000,5,4,1,1,0.666666666666667,0.444444444444444
5,1000,5,1,0.900787401574803,0.936170212765957,1,0.357142857142857
5,1000,5,2,0.900787401574803,0.936170212765957,1,0.428571428571429
5,1000,5,3,0.993150684931507,0.949263502454992,0.75,0.428571428571429
5,1000,5,4,0.993150684931507,0.949263502454992,0.75,0.428571428571429
5,1000,5,1,0.957100591715976,0.954277286135693,1,0.416666666666667
5,1000,5,2,0.957100591715976,0.954277286135693,1,0.5
5,1000,5,3,0.996923076923077,0.955752212389381,1,0.583333333333333
5,1000,5,4,0.996923076923077,0.955752212389381,1,0.583333333333333
5,1000,5,1,0.943037974683544,0.833955223880597,1,0.384615384615385
5,1000,5,2,0.943037974683544,0.833955223880597,1,0.461538461538462
5,1000,5,3,0.98109640831758,0.968283582089552,1,0.615384615384615
5,1000,5,4,0.98109640831758,0.968283582089552,1,0.615384615384615
5,1000,5,1,0.886148007590133,0.819298245614035,0.6,0.1875
5,1000,5,2,0.908794788273616,0.978947368421053,0.714285714285714,0.3125
5,1000,5,3,0.952861952861953,0.992982456140351,0.75,0.375
5,1000,5,1,1,1,1,0.3125
5,1000,5,2,1,1,1,0.375
5,1000,5,3,1,1,1,0.375
5,1000,5,4,1,1,1,0.375
5,1000,5,1,0.964556962025316,1,1,0.263157894736842
5,1000,5,2,0.964556962025316,1,1,0.315789473684211
5,1000,5,3,1,1,1,0.368421052631579
5,1000,5,4,1,1,1,0.368421052631579
5,1000,5,1,0.893356643356643,0.870528109028961,0.8,0.307692307692308
5,1000,5,2,0.963768115942029,0.906303236797274,0.857142857142857,0.461538461538462
5,1000,5,3,0.963768115942029,0.906303236797274,0.857142857142857,0.461538461538462
5,1000,5,4,1,1,0.888888888888889,0.615384615384615
5,1000,5,1,0.950284090909091,1,0.8,0.333333333333333
5,1000,5,2,1,1,0.714285714285714,0.416666666666667
5,1000,5,3,1,1,0.714285714285714,0.416666666666667
5,1000,5,4,1,1,0.714285714285714,0.416666666666667
5,1000,5,1,1,1,0.6,0.214285714285714
5,1000,5,3,1,1,0.666666666666667,0.285714285714286
5,1000,5,4,1,1,0.666666666666667,0.285714285714286
5,1000,5,1,1,1,1,0.357142857142857
5,1000,5,2,1,1,1,0.428571428571429
5,1000,5,3,1,1,1,0.428571428571429
5,1000,5,4,1,1,1,0.428571428571429
5,1000,5,1,0.845549738219895,0.981762917933131,0.8,0.266666666666667
5,1000,5,2,0.917613636363636,0.981762917933131,0.857142857142857,0.4
5,1000,5,3,1,0.948328267477204,0.75,0.4
5,1000,5,4,1,1,0.666666666666667,0.4
5,1000,5,1,0.89126559714795,0.919117647058823,1,0.384615384615385
5,1000,5,2,0.984251968503937,0.919117647058823,1,0.538461538461538
5,1000,5,3,1,1,1,0.615384615384615
5,1000,5,4,1,1,1,0.615384615384615
5,1000,5,1,1,0.903743315508021,1,0.384615384615385
5,1000,5,2,1,1,1,0.538461538461538
5,1000,5,3,1,1,1,0.538461538461538
5,1000,5,4,1,1,1,0.538461538461538
5,1000,5,1,0.89105504587156,0.992337164750958,1,0.3125
5,1000,5,2,0.964153275648949,0.996168582375479,1,0.4375
5,1000,5,3,1,1,1,0.5
5,1000,5,4,1,1,1,0.5
5,1000,5,1,0.955172413793103,0.876582278481013,1,0.357142857142857
5,1000,5,2,0.959501557632399,0.974683544303797,1,0.5
5,1000,5,3,0.959501557632399,0.974683544303797,1,0.5
5,1000,5,4,1,1,1,0.571428571428571
5,1000,5,1,1,1,1,0.357142857142857
5,1000,5,2,1,1,1,0.428571428571429
5,1000,5,3,1,1,1,0.428571428571429
5,1000,5,4,1,1,1,0.428571428571429
5,1000,5,1,0.954248366013072,1,0.4,0.125
5,1000,5,2,0.955665024630542,0.996575342465753,0.571428571428571,0.25
5,1000,5,3,0.955665024630542,0.996575342465753,0.571428571428571,0.25
5,1000,5,1,0.965644171779141,1,0.8,0.285714285714286
5,1000,5,2,0.965644171779141,1,0.833333333333333,0.357142857142857
5,1000,5,3,0.965644171779141,1,0.833333333333333,0.357142857142857
5,1000,5,4,1,1,0.857142857142857,0.428571428571429
5,1000,5,2,0.989598811292719,0.97510980966325,1,0.466666666666667
5,1000,5,3,0.989598811292719,0.97510980966325,1,0.466666666666667
5,1000,5,4,0.989598811292719,0.97510980966325,1,0.466666666666667
5,1000,5,1,1,1,0.8,0.285714285714286
5,1000,5,2,1,1,0.833333333333333,0.357142857142857
5,1000,5,3,1,1,0.833333333333333,0.357142857142857
5,1000,5,4,1,1,0.833333333333333,0.357142857142857
5,1000,5,1,0.950064020486556,0.995973154362416,0.8,0.285714285714286
5,1000,5,2,1,1,0.857142857142857,0.428571428571429
5,1000,5,3,1,1,0.857142857142857,0.428571428571429
5,1000,5,1,0.96025641025641,1,1,0.294117647058824
5,1000,5,2,0.96025641025641,1,1,0.352941176470588
5,1000,5,3,1,1,1,0.411764705882353
5,1000,5,4,1,1,1,0.411764705882353
5,1000,5,2,1,1,1,0.461538461538462
5,1000,5,3,1,1,1,0.461538461538462
5,1000,5,4,1,1,1,0.461538461538462
5,1000,5,1,0.938,0.855839416058394,0.8,0.266666666666667
5,1000,5,2,0.938,0.855839416058394,0.833333333333333,0.333333333333333
5,1000,5,3,0.975659229208925,0.877737226277372,0.714285714285714,0.333333333333333
5,1000,5,4,0.975659229208925,0.877737226277372,0.714285714285714,0.333333333333333
5,1000,5,1,0.985781990521327,0.975,0.8,0.307692307692308
5,1000,5,2,0.985781990521327,0.975,0.857142857142857,0.461538461538462
5,1000,5,3,0.985781990521327,0.975,0.857142857142857,0.461538461538462
5,1000,5,2,0.958333333333333,0.995670995670996,0.857142857142857,0.375
5,1000,5,3,1,1,0.75,0.375
5,1000,5,4,1,1,0.75,0.375
5,1000,5,1,1,1,1,0.416666666666667
5,1000,5,2,1,1,1,0.5
5,1000,5,4,1,1,1,0.5
5,1000,5,1,0.883445945945946,0.858784893267652,1,0.333333333333333
5,1000,5,2,0.975328947368421,0.973727422003284,1,0.466666666666667
5,1000,5,3,0.975328947368421,0.973727422003284,1,0.466666666666667
5,1000,5,4,1,1,0.875,0.466666666666667
5,1000,5,1,0.967405475880052,0.991978609625668,1,0.357142857142857
5,1000,5,2,0.967405475880052,0.991978609625668,1,0.428571428571429
5,1000,5,3,0.967405475880052,0.991978609625668,1,0.428571428571429
5,1000,5,4,1,1,1,0.5
5,1000,5,1,0.906882591093117,0.929460580912863,0.8,0.285714285714286
5,1000,5,2,0.969135802469136,0.977178423236514,0.857142857142857,0.428571428571429
5,1000,5,3,0.969135802469136,0.977178423236514,0.857142857142857,0.428571428571429
5,1000,5,4,1,1,0.875,0.5
5,1000,5,1,0.920062695924765,0.927330173775671,1,0.357142857142857
5,1000,5,2,0.962006079027356,1,1,0.5
5,1000,5,3,0.962006079027356,1,1,0.5
5,1000,5,4,1,1,0.875,0.5
5,1000,5,1,0.936344969199179,0.875239923224568,1,0.357142857142857
5,1000,5,2,0.936344969199179,0.875239923224568,1,0.428571428571429
5,1000,5,3,0.98825831702544,0.969289827255278,0.875,0.5
5,1000,5,4,0.98825831702544,0.969289827255278,0.875,0.5
5,1000,5,1,0.90295358649789,0.995348837209302,1,0.277777777777778
5,1000,5,2,1,1,1,0.388888888888889
5,1000,5,3,1,1,1,0.388888888888889
5,1000,5,4,1,1,1,0.388888888888889
5,1000,5,1,1,0.886326194398682,1,0.357142857142857
5,1000,5,2,1,0.886326194398682,1,0.428571428571429
5,1000,5,3,1,0.955518945634267,0.857142857142857,0.428571428571429
5,1000,5,4,1,0.955518945634267,0.857142857142857,0.428571428571429
5,1000,5,1,1,1,1,0.357142857142857
5,1000,5,2,1,1,1,0.428571428571429
5,1000,5,3,1,1,1,0.428571428571429
5,1000,5,4,1,1,1,0.428571428571429
5,1000,5,1,0.881932021466905,0.911275415896488,0.8,0.333333333333333
5,1000,5,2,0.940869565217391,1,0.857142857142857,0.5
5,1000,5,3,1,1,0.875,0.583333333333333
5,1000,5,4,1,1,0.875,0.583333333333333
5,1000,5,1,0.943887775551102,0.84257602862254,1,0.357142857142857
5,1000,5,2,0.984703632887189,0.92128801431127,0.857142857142857,0.428571428571429
5,1000,5,4,0.984703632887189,0.92128801431127,0.857142857142857,0.428571428571429
5,1000,5,2,0.996376811594203,0.949913644214162,1,0.615384615384615
5,1000,5,3,1,1,1,0.692307692307692
5,1000,5,4,1,1,1,0.692307692307692
5,1000,5,1,1,1,0.8,0.363636363636364
5,1000,5,2,1,1,0.666666666666667,0.363636363636364
5,1000,5,3,1,1,0.666666666666667,0.363636363636364
5,1000,5,4,1,1,0.666666666666667,0.363636363636364
5,1000,5,1,0.951417004048583,0.943775100401606,1,0.416666666666667
5,1000,5,2,1,1,0.857142857142857,0.5
5,1000,5,3,1,1,0.857142857142857,0.5
5,1000,5,4,1,1,0.857142857142857,0.5
5,1000,5,1,0.959785522788204,0.970189701897019,0.8,0.25
5,1000,5,2,0.962264150943396,0.967479674796748,0.833333333333333,0.3125
5,1000,5,3,1,1,0.714285714285714,0.3125
5,1000,5,4,1,1,0.714285714285714,0.3125
5,1000,5,1,0.899145299145299,0.934280639431616,1,0.357142857142857
5,1000,5,2,0.899145299145299,0.934280639431616,0.833333333333333,0.357142857142857
5,1000,5,3,0.996240601503759,0.941385435168739,0.75,0.428571428571429
5,1000,5,4,0.996240601503759,0.941385435168739,0.75,0.428571428571429
5,1000,5,1,0.9184,1,1,0.3125
5,1000,5,2,1,1,1,0.4375
5,1000,5,3,1,1,1,0.4375
5,1000,5,4,1,1,1,0.4375
5,1000,5,1,1,1,0.8,0.333333333333333
5,1000,5,2,1,1,0.833333333333333,0.416666666666667
5,1000,5,3,1,1,0.833333333333333,0.416666666666667
5,1000,5,4,1,1,0.833333333333333,0.416666666666667
5,1000,5,1,1,0.910614525139665,1,0.357142857142857
5,1000,5,2,1,1,0.857142857142857,0.428571428571429
5,1000,5,3,1,1,0.857142857142857,0.428571428571429
5,1000,5,4,1,1,0.857142857142857,0.428571428571429
5,1000,5,1,0.955128205128205,1,0.6,0.25
5,1000,5,3,1,1,0.714285714285714,0.416666666666667
5,1000,5,4,1,1,0.714285714285714,0.416666666666667
5,1000,5,1,1,1,1,0.384615384615385
5,1000,5,2,1,1,1,0.461538461538462
5,1000,5,3,1,1,1,0.461538461538462
5,1000,5,4,1,1,1,0.461538461538462
5,1000,5,1,0.964757709251101,0.995454545454545,1,0.5
5,1000,5,3,0.964757709251101,0.995454545454545,1,0.6
5,1000,5,4,1,1,1,0.7
